"NHcode","neighborhood","neighbor_1","areas","govcode","districts","subdistricts",shapelength,shapearea,area_code,"area_name","quarter_code","quarter_name",JO_male,JO_female,JO_pers,JO_fam,JO_HHsize,Other_male,Other_female,Other_pers,Other_fam,SYR_male,SYR_female,SYR_pers,SYR_fam,PAL_male,PAL_female,PAL_pers,PAL_fam,EYG_male,EYG_female,EYG_pers,EYG_fam,IRQ_male,IRQ_female,IRQ_pers,IRQ_fam,EMN_male,EMN_female,EMN_pers,EMN_fam,LYP_male,LYP_female,LYP_pers,LYP_fam,total_population
"110111130108","العدلية","Al- Adlyah","المدينة","العاصمة","قصبة عمان","عمان",3574.9,235220,1101111301,"المدينة","110111130108","العدلية",583,601,1184,311,0,70,70,140,41,416,420,836,203,70,35,105,17,511,204,715,105,47,44,91,26,6,0,6,4,0,0,0,0,3077
"110111140801","جبل عمان","Jabal Amman","زهران","العاصمة","قصبة عمان","عمان",8790.27,1758480,1101111408,"زهران","110111140801","جبل عمان",6606,6600,13206,3504,0,2463,3157,5620,1704,1767,1606,3373,749,553,497,1050,153,5176,1684,6860,1193,397,360,757,200,204,183,387,96,26,27,53,1,31306
"110111140802","عبدون الشمالي","A'bdoun Al- Shamali","زهران","العاصمة","قصبة عمان","عمان",10409.3,3924390,1101111408,"زهران","110111140802","عبدون الشمالي",7080,7418,14498,4024,0,2730,4887,7617,1582,660,661,1321,320,217,294,511,109,4027,721,4748,889,1009,958,1967,565,196,156,352,52,384,244,628,118,31642
"110111140803","الرضوان","Al- Radwan","زهران","العاصمة","قصبة عمان","عمان",8244.42,2832590,1101111408,"زهران","110111140803","الرضوان",3622,4041,7663,2361,0,1944,2987,4931,990,170,225,395,84,203,133,336,60,2127,233,2360,435,381,429,810,224,115,93,208,42,132,84,216,31,16919
"110111140804","ام اذينة الشرقي","Um Othyanah Al- Sharqi","زهران","العاصمة","قصبة عمان","عمان",4465.74,1171900,1101111408,"زهران","110111140804","ام اذينة الشرقي",2826,3122,5948,1834,0,1095,1363,2458,446,433,501,934,210,140,161,301,54,1339,161,1500,342,431,508,939,261,56,51,107,26,159,72,231,20,12418
"110111140805","عبدون الجنوبي","Abdoun Al-Janoubi","زهران","العاصمة","قصبة عمان","عمان",9655.62,4158180,1101111408,"زهران","110111140805","عبدون الجنوبي",2799,2758,5557,1415,0,1194,2865,4059,757,98,104,202,49,119,133,252,46,3541,176,3717,513,536,594,1130,271,105,60,165,42,84,78,162,49,15244
"110111150501","الاشرفية","Ashrafiyyeh","اليرموك","العاصمة","قصبة عمان","عمان",5336.82,1282980,1101111505,"اليرموك","110111150501","الاشرفية",15193,14743,29936,6877,0,710,893,1603,483,4125,3716,7841,1653,1827,1631,3458,568,7385,2662,10047,1673,513,425,938,246,138,115,253,64,0,0,0,0,54076
"110111150502","العودة","Al- Aodeh","اليرموك","العاصمة","قصبة عمان","عمان",6511.18,1994630,1101111505,"اليرموك","110111150502","العودة",18567,17442,36009,8069,0,87,165,252,75,2793,2414,5207,1070,10024,8232,18256,2737,5204,1595,6799,997,102,64,166,55,188,141,329,68,10,5,15,3,67033
"110111150503","جبل التاج","Jabal Al- Taaj","اليرموك","العاصمة","قصبة عمان","عمان",8006.31,1948200,1101111505,"اليرموك","110111150503","جبل التاج",20487,19782,40269,8808,0,354,468,822,253,3997,3944,7941,1605,3507,2541,6048,938,2953,1342,4295,636,127,105,232,68,39,12,51,6,0,6,6,5,59664
"110111110901","جبل اللويبدة","Jabal Alwaybdeh","العبدلي","العاصمة","قصبة عمان","عمان",9462.86,2234280,1101111109,"العبدلي","110111110901","جبل اللويبدة",4951,5142,10093,2780,0,1688,1916,3604,957,1446,1400,2846,650,441,441,882,175,2408,655,3063,494,323,349,672,199,111,90,201,39,30,18,48,15,21409
"110111110902","جبل الحسين","Jabal Alhussien","العبدلي","العاصمة","قصبة عمان","عمان",8128.75,2733960,1101111109,"العبدلي","110111110902","جبل الحسين",22446,22302,44748,10553,0,717,1303,2020,426,7155,7266,14421,3013,5635,4228,9863,1635,4913,1793,6706,1025,2274,2301,4575,1122,638,551,1189,249,673,472,1145,145,84667
"110111110903","الشميساني","Al - Shmaysani","العبدلي","العاصمة","قصبة عمان","عمان",7610.37,3654340,1101111109,"العبدلي","110111110903","الشميساني",8460,9147,17607,4936,0,2389,3629,6018,991,882,962,1844,427,798,399,1197,208,3225,685,3910,630,1790,1627,3417,899,845,850,1695,331,654,522,1176,174,36864
"110111110904","المدينة الرياضية","Al Madeinah Alryadeyah","العبدلي","العاصمة","قصبة عمان","عمان",6546.11,2349840,1101111109,"العبدلي","110111110904","المدينة الرياضية",6597,6549,13146,3004,0,384,675,1059,197,816,890,1706,355,826,665,1491,268,1036,453,1489,247,1361,1427,2788,610,228,94,322,33,239,153,392,39,22393
"110111120601","النظيف","Al- Nadeef","راس العين","العاصمة","قصبة عمان","عمان",5234.38,1243760,1101111206,"راس العين","110111120601","النظيف",12626,11800,24426,5434,0,359,500,859,279,2328,2437,4765,922,2800,2240,5040,782,8123,1737,9860,1496,126,123,249,69,30,17,47,17,6,11,17,5,45263
"110111120602","الزهور","Zuhoor","راس العين","العاصمة","قصبة عمان","عمان",5664.74,2011570,1101111206,"راس العين","110111120602","الزهور",9068,8489,17557,3830,0,84,129,213,50,2417,2190,4607,999,2268,1722,3990,605,3828,1092,4920,762,73,88,161,47,36,18,54,6,6,0,6,5,31508
"110111120603","الروضة","Al - Rawdah","راس العين","العاصمة","قصبة عمان","عمان",9676.08,3538940,1101111206,"راس العين","110111120603","الروضة",23242,22077,45319,9601,0,194,415,609,123,1874,1846,3720,719,4676,3885,8561,1311,1773,853,2626,375,203,194,397,83,15,6,21,6,0,0,0,0,61253
"110111130101","القلعة","Al- Qala'a","المدينة","العاصمة","قصبة عمان","عمان",3375.88,446417,1101111301,"المدينة","110111130101","القلعة",1103,1151,2254,537,0,68,105,173,18,411,400,811,164,84,49,133,19,958,307,1265,202,61,40,101,30,33,8,41,1,6,0,6,0,4784
"110111130102","وادي الحدادة","Wadi Al- Hadadah","المدينة","العاصمة","قصبة عمان","عمان",3964.77,360411,1101111301,"المدينة","110111130102","وادي الحدادة",3137,2775,5912,1412,0,268,171,439,106,716,599,1315,271,497,322,819,151,2286,648,2934,442,35,47,82,22,8,0,8,2,0,0,0,0,11509
"110111130103","جبل الجوفة","Jabal AL- Jofah","المدينة","العاصمة","قصبة عمان","عمان",4861.57,444383,1101111301,"المدينة","110111130103","جبل الجوفة",1583,1562,3145,736,0,35,67,102,34,552,496,1048,228,182,224,406,55,442,53,495,99,29,8,37,17,12,0,12,3,0,0,0,0,5245
"110111130104","المدرج","Al- Mudarraj","المدينة","العاصمة","قصبة عمان","عمان",3041.14,206328,1101111301,"المدينة","110111130104","المدرج",349,345,694,157,0,51,47,98,23,128,136,264,44,28,7,35,1,965,161,1126,113,17,0,17,2,0,0,0,0,0,0,0,0,2234
"110111130105","وادي السرور","Wadi Al- Sir","المدينة","العاصمة","قصبة عمان","عمان",3037.91,210395,1101111301,"المدينة","110111130105","وادي السرور",314,270,584,128,0,27,43,70,19,324,345,669,107,70,77,147,25,779,134,913,125,0,2,2,0,0,0,0,0,0,0,0,0,2385
"110111130106","المهاجرين","Al- Muhajreen","المدينة","العاصمة","قصبة عمان","عمان",4961.03,360371,1101111301,"المدينة","110111130106","المهاجرين",717,691,1408,331,0,126,195,321,145,238,229,467,92,98,84,182,33,922,111,1033,236,9,10,19,6,0,0,0,0,0,0,0,0,3430
"110111130107","الرجوم","Al- Rjoum","المدينة","العاصمة","قصبة عمان","عمان",3530.56,176106,1101111301,"المدينة","110111130107","الرجوم",353,321,674,173,0,158,154,312,70,325,249,574,126,14,35,49,9,499,123,622,78,47,37,84,37,9,0,9,3,0,0,0,0,2324
"110210131007","عين غزال","A'in Qazal","طارق","العاصمة","ماركا","ماركا",6631.28,1437260,1102101310,"طارق","110210131007","عين غزال",2407,2222,4629,927,0,0,12,12,2,131,168,299,64,294,168,462,97,36,9,45,11,12,21,33,4,0,0,0,0,0,0,0,0,5480
"110210131008","الشهيد الجنوبي","Al- Shaheed Aljanoubi","طارق","العاصمة","ماركا","ماركا",6689.93,1507250,1102101310,"طارق","110210131008","الشهيد الجنوبي",3273,3161,6434,1419,0,18,200,218,47,290,291,581,136,448,350,798,144,306,48,354,68,231,230,461,77,6,3,9,3,0,6,6,1,8861
"110210131009","الغابة","Al- Ghabah","طارق","العاصمة","ماركا","ماركا",10494.5,3681720,1102101310,"طارق","110210131009","الغابة",4190,3900,8090,1802,0,214,127,341,75,139,155,294,61,287,161,448,86,103,31,134,22,29,35,64,17,75,81,156,37,0,0,0,0,9527
"110210131010","الامير الحسين بن عبدالله","Al- Ameer Al Hussein Ibn Abdallah","طارق","العاصمة","ماركا","ماركا",7335.49,2850640,1102101310,"طارق","110210131010","الامير الحسين بن عبدالله",357,408,765,176,0,0,23,23,2,48,24,72,24,35,14,49,10,8,0,8,0,2,2,4,2,0,0,0,0,6,0,6,0,927
"110211120403","المنارة","Al- Manara","النصر","العاصمة","ماركا","ماركا",6204.43,1985110,1102111204,"النصر","110211120403","المنارة",20160,19397,39557,8613,0,19,84,103,24,1285,1409,2694,550,2471,2135,4606,710,729,318,1047,153,22,28,50,12,31,11,42,11,0,0,0,0,48099
"110211120404","الربوة","Al- Rabwah","النصر","العاصمة","ماركا","ماركا",9124.59,3978370,1102111204,"النصر","110211120404","الربوة",20279,19153,39432,8338,0,71,127,198,41,1712,2055,3767,692,3791,2831,6622,1030,796,419,1215,182,51,27,78,23,0,0,0,0,0,0,0,0,51312
"110211120405","الاميرة عالية","Al- Ameera Alia","النصر","العاصمة","ماركا","ماركا",10394.4,4355770,1102111204,"النصر","110211120405","الاميرة عالية",19095,17728,36823,7829,0,33,126,159,33,1890,1990,3880,845,2786,2079,4865,736,450,228,678,110,26,32,58,13,31,16,47,11,0,0,0,0,46510
"110211120406","الصالحية","Al- Salhiah","النصر","العاصمة","ماركا","ماركا",16086.1,6158270,1102111204,"النصر","110211120406","الصالحية",4491,4355,8846,1828,4.83917,25,62,87,21,617,822,1439,293,512,602,1114,166,479,178,657,99,6,18,24,8,0,0,0,0,0,0,0,0,12167
"110211120407","المغيرات","Al- Emgharat","النصر","العاصمة","ماركا","ماركا",17963.4,11569900,1102111204,"النصر","110211120407","المغيرات",3902,3622,7524,1473,0,0,4,4,0,686,733,1419,249,966,721,1687,241,44,45,89,12,0,0,0,0,0,0,0,0,0,0,0,0,10723
"110211110301","المطار","Al- Matar","ماركا","العاصمة","ماركا","ماركا",13505.2,5200950,1102111103,"ماركا","110211110301","المطار",6185,5981,12166,2660,0,94,103,197,64,1311,1269,2580,581,616,490,1106,195,408,107,515,70,356,352,708,171,136,3,139,30,234,0,234,68,17645
"110211110302","حمزة","Hamza","ماركا","العاصمة","ماركا","ماركا",13753,4287560,1102111103,"ماركا","110211110302","حمزة",21644,21033,42677,9515,0,238,376,614,152,5418,5582,11000,2239,3500,2968,6468,1031,5526,1875,7401,1116,1325,1222,2547,589,163,102,265,66,270,11,281,93,71253
"110211110303","الزهراء","Azzahra'","ماركا","العاصمة","ماركا","ماركا",10419,3687030,1102111103,"ماركا","110211110303","الزهراء",12763,12587,25350,5720,0,261,360,621,150,3264,3189,6453,1344,2254,1547,3801,658,2453,902,3355,532,1084,1009,2093,427,203,63,266,59,60,6,66,24,42005
"110211110304","المشيرفة","Al- Mshayreh","ماركا","العاصمة","ماركا","ماركا",7091.12,1565420,1102111103,"ماركا","110211110304","المشيرفة",823,786,1609,360,0,43,1,44,3,87,54,141,27,182,196,378,56,207,31,238,57,0,0,0,0,6,2,8,0,0,0,0,0,2418
"110211110305","جديد","Hay Al-Jadeed","ماركا","العاصمة","ماركا","ماركا",9368.94,3073020,1102111103,"ماركا","110211110305","حي جديد",6440,6030,12470,2739,0,21,26,47,12,191,267,458,112,763,637,1400,201,119,75,194,34,95,115,210,39,0,0,0,0,0,0,0,0,14779
"110211120401","الاميرالحسن","Al- Ameer Al Hasan","النصر","العاصمة","ماركا","ماركا",5838.91,1423710,1102111204,"النصر","110211120401","الاميرالحسن",20767,20015,40782,8828,0,99,237,336,107,3203,3047,6250,1253,3825,2916,6741,1041,2380,381,2761,381,121,104,225,60,9,3,12,5,0,6,6,1,57113
"110211120402","جبل النصر","Jabal Al-Naser","النصر","العاصمة","ماركا","ماركا",4802.26,900595,1102111204,"النصر","110211120402","جبل النصر",10064,9636,19700,4408,0,156,137,293,75,1886,1719,3605,735,994,770,1764,309,1635,356,1991,346,102,110,212,63,6,0,6,3,0,0,0,0,27571
"110111160701","الذراع","Al- Thera'a","بدر","العاصمة","قصبة عمان","عمان",6214.85,1346620,1101111607,"بدر","110111160701","الذراع",20412,19291,39703,8357,0,78,208,286,66,4035,3537,7572,1468,2562,2205,4767,777,4551,1027,5578,917,79,66,145,32,21,12,33,1,6,6,12,5,58096
"110111160702","الاخضر","Al- Akhdar","بدر","العاصمة","قصبة عمان","عمان",8074.91,2106370,1101111607,"بدر","110111160702","الاخضر",28688,27313,56001,12455,0,350,608,958,307,7491,7373,14864,3103,1833,1821,3654,580,4060,992,5052,699,74,105,179,51,30,27,57,14,39,12,51,15,80816
"110111160703","الحمرانية","Al-Himraniyah","بدر","العاصمة","قصبة عمان","عمان",4477.26,963974,1101111607,"بدر","110111160703","الحمرانية",3680,3585,7265,1459,0,124,117,241,20,424,422,846,149,560,336,896,154,403,38,441,61,10,20,30,8,105,18,123,6,36,24,60,5,9902
"110111160704","الهلال","Al- Hilal","بدر","العاصمة","قصبة عمان","عمان",8053.67,2407450,1101111607,"بدر","110111160704","الهلال",17664,17213,34877,7617,0,89,255,344,94,2039,2056,4095,812,1841,1526,3367,566,814,447,1261,202,89,76,165,41,15,15,30,6,62,66,128,17,44267
"110111160705","الياسمين","Al- Yasmein","بدر","العاصمة","قصبة عمان","عمان",7832.79,3063760,1101111607,"بدر","110111160705","الياسمين",13761,13268,27029,6009,0,206,566,772,171,1942,1917,3859,796,1617,1344,2961,473,868,261,1129,220,96,97,193,55,75,114,189,44,33,62,95,16,36227
"110210131001","طبربور","Tabarbour","طارق","العاصمة","ماركا","ماركا",8139.88,3257370,1102101310,"طارق","110210131001","طبربور",21494,21193,42687,9312,0,464,1219,1683,344,2616,2702,5318,1073,2541,1771,4312,704,1616,591,2207,409,689,589,1278,308,51,33,84,26,435,343,778,146,58347
"110210131002","الخزنة","Al- Khazneh","طارق","العاصمة","ماركا","ماركا",6345.04,1809010,1102101310,"طارق","110210131002","الخزنة",8670,8476,17146,3689,0,127,501,628,139,624,652,1276,220,1106,707,1813,290,726,187,913,175,255,252,507,106,15,27,42,10,72,71,143,20,22468
"110210131003","الشهيد الشمالي","Al- Shaheed Ashamali","طارق","العاصمة","ماركا","ماركا",9313.9,4452060,1102101310,"طارق","110210131003","الشهيد الشمالي",17159,16664,33823,7311,0,291,558,849,183,1640,1719,3359,705,2422,1932,4354,697,1167,432,1599,251,393,318,711,147,6,12,18,8,10,10,20,5,44733
"110210131004","ابو عليا","Abu Alia","طارق","العاصمة","ماركا","ماركا",7777.75,1854640,1102101310,"طارق","110210131004","ابو عليا",7183,7187,14370,3101,0,26,179,205,56,945,980,1925,402,875,630,1505,254,520,178,698,120,113,127,240,47,21,23,44,5,18,12,30,10,19017
"110210131005","الفيصل","Al- Faisal","طارق","العاصمة","ماركا","ماركا",7440.91,2557420,1102101310,"طارق","110210131005","الفيصل",2082,1913,3995,797,0,9,43,52,12,91,94,185,36,77,133,210,30,22,7,29,9,22,11,33,5,0,0,0,0,0,0,0,0,4504
"110210131006","عين رباط","A'in Rbaat","طارق","العاصمة","ماركا","ماركا",10206.5,3498730,1102101310,"طارق","110210131006","عين رباط",595,554,1149,217,0,4,9,13,3,0,0,0,0,119,49,168,12,0,0,0,0,0,0,0,0,0,0,0,0,0,0,0,0,1330
"110310111114","جديد","Hay Jadeed","القويسمة","العاصمة","القويسمة","القويسمة",14206,12743800,1103101111,"القويسمة وابو علندا","110310111114","حي جديد",7993,7189,15182,3135,0,31,19,50,18,624,592,1216,237,546,371,917,142,1266,71,1337,90,8,3,11,2,9,0,9,0,0,0,0,0,18722
"110310121201","اليادودة","Yadoodeh","خريبة السوق","العاصمة","القويسمة","القويسمة",10322.4,3169450,1103101212,"خريبة السوق وجاوة","110310121201","اليادودة",8184,7663,15847,3335,0,72,130,202,42,888,1006,1894,347,784,728,1512,218,381,225,606,77,27,22,49,8,0,0,0,0,0,6,6,0,20116
"110310121202","الطيبة وخريبة السوق","Altaibeh,Khraibet Essooq","خريبة السوق","العاصمة","القويسمة","القويسمة",9718.62,3516440,1103101212,"خريبة السوق وجاوة","110310121202","الطيبة وخريبة السوق",23390,22251,45641,9601,0,146,230,376,64,1478,1361,2839,630,7616,6888,14504,2166,6641,1621,8262,936,21,23,44,13,15,3,18,6,0,0,0,0,71684
"110310121203","الايمان","Aleman","خريبة السوق","العاصمة","القويسمة","القويسمة",7528.3,2876010,1103101212,"خريبة السوق وجاوة","110310121203","الايمان",3678,3551,7229,1440,0,62,91,153,12,547,514,1061,184,602,518,1120,186,816,105,921,94,15,15,30,5,9,4,13,2,0,0,0,0,10527
"110310121204","غمدان","Ghamadan","خريبة السوق","العاصمة","القويسمة","القويسمة",9260.45,4560340,1103101212,"خريبة السوق وجاوة","110310121204","غمدان",2366,2231,4597,1041,0,53,118,171,23,16,32,48,17,154,105,259,44,345,50,395,78,0,0,0,0,0,0,0,0,0,0,0,0,5470
"110310121205","الابرار","Al-Abrar","خريبة السوق","العاصمة","القويسمة","القويسمة",9079.37,3659850,1103101212,"خريبة السوق وجاوة","110310121205","الابرار",140,130,270,55,0,14,2,16,6,39,23,62,16,0,14,14,3,151,0,151,36,30,33,63,17,0,0,0,0,0,0,0,0,576
"110310121206","الفرقان","Al- Forqan","خريبة السوق","العاصمة","القويسمة","القويسمة",5689.24,1645060,1103101212,"خريبة السوق وجاوة","110310121206","الفرقان",1070,1015,2085,458,0,3,23,26,6,35,32,67,14,77,70,147,31,8,16,24,5,0,0,0,0,3,6,9,3,0,0,0,0,2358
"110310121207","الاندلس","Al- Andalous","خريبة السوق","العاصمة","القويسمة","القويسمة",8624.56,2926740,1103101212,"خريبة السوق وجاوة","110310121207","الاندلس",7838,7236,15074,3145,0,9,34,43,10,154,171,325,69,1379,1211,2590,416,276,130,406,62,12,9,21,5,6,0,6,0,0,0,0,0,18465
"110310121208","التقوى","Attaqwa","خريبة السوق","العاصمة","القويسمة","القويسمة",8818.64,3587200,1103101212,"خريبة السوق وجاوة","110310121208","التقوى",1022,983,2005,369,0,35,28,63,9,277,191,468,78,203,168,371,53,649,188,837,133,2,2,4,2,2,0,2,2,0,0,0,0,3750
"110211120408","وادي القطار","Wadi Al-qitar","النصر","العاصمة","ماركا","ماركا",27740.7,15071600,1102111204,"النصر","110211120408","وادي القطار",2419,2042,4461,970,0,0,0,0,0,56,60,116,33,350,252,602,105,127,26,153,28,2,0,2,0,0,0,0,0,0,0,0,0,5334
"110211140201","القصور","Al- Qusour","بسمان","العاصمة","ماركا","ماركا",4928.66,678446,1102111402,"بسمان","110211140201","القصور",10823,10620,21443,4700,0,183,267,450,132,3427,2969,6396,1311,2324,1680,4004,647,3207,975,4182,521,59,27,86,32,0,6,6,1,0,0,0,0,36567
"110211140202","جبل النزهة","Jabal Alnuzha","بسمان","العاصمة","ماركا","ماركا",6096.29,1357410,1102111402,"بسمان","110211140202","جبل النزهة",19830,19138,38968,8527,0,185,339,524,131,4054,3927,7981,1628,6300,4956,11256,1853,4289,1324,5613,831,109,113,222,50,81,88,169,7,24,12,36,2,64769
"110211140203","الهاشمي الشمالي","Al- Hashmi Ashamali","بسمان","العاصمة","ماركا","ماركا",9164.51,3054190,1102111402,"بسمان","110211140203","الهاشمي الشمالي",33514,32443,65957,14622,0,475,809,1284,394,6682,6574,13256,2621,3122,2954,6076,1006,5500,1371,6871,1095,4607,4484,9091,1979,50,42,92,23,12,17,29,3,102656
"110211140204","الجرن","Al- Jurn","بسمان","العاصمة","ماركا","ماركا",6702.92,2280710,1102111402,"بسمان","110211140204","الجرن",25579,25202,50781,11286,0,383,742,1125,252,3224,3301,6525,1348,5551,4249,9800,1648,5237,725,5962,770,422,524,946,231,51,48,99,24,54,29,83,20,75321
"110211140205","الرواق","Al- rwaq","بسمان","العاصمة","ماركا","ماركا",6108.1,1685000,1102111402,"بسمان","110211140205","الرواق",10222,10129,20351,4392,0,106,432,538,142,858,966,1824,367,1925,1253,3178,523,392,205,597,107,214,210,424,96,12,18,30,6,78,36,114,20,27056
"110211140206","رغدان","Raghadan","بسمان","العاصمة","ماركا","ماركا",7884.9,2747520,1102111402,"بسمان","110211140206","رغدان",19478,19205,38683,8401,0,190,511,701,172,3259,3596,6855,1353,2863,2569,5432,866,694,500,1194,184,1074,1109,2183,479,33,45,78,12,12,18,30,7,55156
"110211140207","الهاشمي الجنوبي","Al- Hashmi Aljanoubi","بسمان","العاصمة","ماركا","ماركا",3409.72,411412,1102111402,"بسمان","110211140207","الهاشمي الجنوبي",5110,5082,10192,2279,0,37,74,111,25,668,540,1208,259,133,203,336,42,333,211,544,58,21,32,53,7,0,0,0,0,6,6,12,4,12456
"110310111101","القويسمة","Al- Quasmeh","القويسمة","العاصمة","القويسمة","القويسمة",5930.69,1909680,1103101111,"القويسمة وابو علندا","110310111101","القويسمة",9928,9414,19342,4267,0,42,189,231,44,1337,1335,2672,594,1239,1008,2247,327,2216,1392,3608,580,54,38,92,22,0,0,0,0,0,6,6,1,28198
"110310111102","ابو علندا","Abu A'landa","القويسمة","العاصمة","القويسمة","القويسمة",7685.68,2581940,1103101111,"القويسمة وابو علندا","110310111102","ابو علندا",7871,7420,15291,3239,0,55,209,264,58,3582,3426,7008,1327,749,679,1428,217,3572,811,4383,585,172,130,302,71,57,6,63,16,0,5,5,1,28744
"110310111103","النهارية","Al- Naharia","القويسمة","العاصمة","القويسمة","القويسمة",7103.04,2377240,1103101111,"القويسمة وابو علندا","110310111103","النهارية",17467,16280,33747,7296,0,39,116,155,32,2682,2651,5333,1178,3430,2506,5936,1012,6819,1859,8678,1293,35,29,64,23,21,30,51,17,12,12,24,6,53988
"110310111104","المعادي","Al- Ma'adi","القويسمة","العاصمة","القويسمة","القويسمة",6077.88,2161250,1103101111,"القويسمة وابو علندا","110310111104","المعادي",10693,10505,21198,4590,0,15,59,74,19,1237,1209,2446,496,1547,980,2527,432,377,226,603,100,29,41,70,15,3,0,3,0,0,0,0,0,26921
"110310111105","الجويدة","Aljwaydeh","القويسمة","العاصمة","القويسمة","القويسمة",9148.13,5112620,1103101111,"القويسمة وابو علندا","110310111105","الجويدة",5941,5753,11694,2362,0,20,96,116,16,696,617,1313,264,752,724,1476,217,1213,201,1414,200,18,23,41,7,0,0,0,0,0,0,0,0,16054
"110310111106","حطين","Hetien","القويسمة","العاصمة","القويسمة","القويسمة",5722.56,1670570,1103101111,"القويسمة وابو علندا","110310111106","حطين",5448,5315,10763,2205,0,18,67,85,23,413,449,862,175,392,399,791,116,258,152,410,39,0,2,2,0,3,5,8,1,0,0,0,0,12921
"110310111107","الرجيب","Alrajeeb","القويسمة","العاصمة","القويسمة","القويسمة",8875.05,3163540,1103101111,"القويسمة وابو علندا","110310111107","الرجيب",3506,3139,6645,1374,0,70,57,127,24,705,678,1383,284,441,273,714,100,2135,273,2408,236,27,9,36,11,21,12,33,10,0,0,0,0,11346
"110310111108","العروبة","Alarowbah","القويسمة","العاصمة","القويسمة","القويسمة",8214.23,3752260,1103101111,"القويسمة وابو علندا","110310111108","العروبة",6825,6132,12957,2733,0,0,59,59,12,259,297,556,112,665,546,1211,187,121,74,195,37,0,0,0,0,6,9,15,3,12,18,30,5,15023
"110310111109","ابو صوانة","Abu Sawaneh","القويسمة","العاصمة","القويسمة","القويسمة",6579.75,2510090,1103101111,"القويسمة وابو علندا","110310111109","ابو صوانة",7332,6958,14290,2620,0,89,71,160,31,341,497,838,177,525,469,994,140,199,114,313,38,5,2,7,4,0,0,0,0,0,0,0,0,16602
"110310111110","المغبة الشرقي","Al Maghabeh Alsharqi","القويسمة","العاصمة","القويسمة","القويسمة",6716.16,1918040,1103101111,"القويسمة وابو علندا","110310111110","المغبة الشرقي",194,211,405,83,0,45,0,45,8,168,104,272,56,742,805,1547,216,761,49,810,148,6,0,6,3,30,0,30,8,0,0,0,0,3115
"110310111111","ام نوارة","Um Nwarah","القويسمة","العاصمة","القويسمة","القويسمة",6676.83,2252320,1103101111,"القويسمة وابو علندا","110310111111","ام نوارة",17684,16959,34643,7254,0,105,132,237,33,898,1000,1898,391,3626,2863,6489,1097,488,233,721,122,38,63,101,26,27,33,60,13,10,0,10,5,44159
"110310111112","ام الحيران","Um Alhayran","القويسمة","العاصمة","القويسمة","القويسمة",8164.88,1016790,1103101111,"القويسمة وابو علندا","110310111112","ام الحيران",5590,5510,11100,2406,0,27,55,82,17,1631,1467,3098,642,1883,1722,3605,546,2171,546,2717,343,83,59,142,39,6,6,12,3,6,0,6,2,20762
"110310111113","المغبة الغربي","Al- Maghaba Algharbi","القويسمة","العاصمة","القويسمة","القويسمة",7667.91,2737820,1103101111,"القويسمة وابو علندا","110310111113","المغبة الغربي",43,39,82,17,0,0,0,0,0,3,0,3,2,0,0,0,0,99,24,123,13,0,0,0,0,0,0,0,0,0,0,0,0,208
"110310131307","الكرامة","Al- Karama","ام قصير والمقابلين و البنيات","العاصمة","القويسمة","القويسمة",7904.2,2151470,1103101313,"ام قصير والمقابلين والبنيات","110310131307","الكرامة",212,236,448,92,0,6,63,69,17,0,0,0,0,7,7,14,5,8,0,8,1,0,0,0,0,0,0,0,0,0,0,0,0,539
"110310131308","الحرية","Al- Huryya","ام قصير والمقابلين و البنيات","العاصمة","القويسمة","القويسمة",8308.92,2395500,1103101313,"ام قصير والمقابلين والبنيات","110310131308","الحرية",2770,2554,5324,1306,0,46,122,168,47,43,56,99,30,329,287,616,112,269,63,332,78,60,48,108,29,0,0,0,0,18,12,30,5,6677
"110410111801","الزيتونة","Al- Zaytouna","الجبيهة","العاصمة","الجامعة","الجامعة",7390.76,1913810,1104101118,"الجبيهة","110410111801","الزيتونة",3437,3433,6870,1551,0,215,197,412,130,323,301,624,126,406,175,581,119,676,108,784,145,185,138,323,71,18,18,36,6,36,18,54,5,9684
"110410111810","الريان","Arayyan","الجبيهة","العاصمة","الجامعة","الجامعة",7153.89,2932100,1104101118,"الجبيهة","110410111810","الريان",6036,5898,11934,2843,0,755,758,1513,399,1532,1407,2939,610,812,679,1491,281,1842,308,2150,450,479,414,893,229,257,292,549,93,217,180,397,92,21866
"110410121601","ميسلون","Maysaloun","صويلح","العاصمة","الجامعة","الجامعة",5831.39,1048470,1104101216,"صويلح","110410121601","ميسلون",4095,3909,8004,1778,0,53,242,295,64,1130,939,2069,396,182,196,378,66,587,80,667,98,6,27,33,7,9,12,21,6,12,12,24,5,11491
"110410121602","الرحمانية","Arrahmaniah","صويلح","العاصمة","الجامعة","الجامعة",9580.68,3960240,1104101216,"صويلح","110410121602","الرحمانية",4690,4605,9295,2167,0,137,756,893,187,148,144,292,62,273,224,497,83,797,49,846,175,61,97,158,40,0,0,0,0,0,6,6,1,11987
"110410121603","الحي الشرقي","Al-Hay Asharqi","صويلح","العاصمة","الجامعة","الجامعة",5744.25,1586450,1104101216,"صويلح","110410121603","الحي الشرقي",7654,7334,14988,3337,0,346,467,813,202,7954,6998,14952,2980,938,665,1603,289,5533,464,5997,759,147,129,276,73,369,245,614,165,6,12,18,0,39261
"110410121604","البشائر","Al- Bashayer","صويلح","العاصمة","الجامعة","الجامعة",11413.3,2547090,1104101216,"صويلح","110410121604","البشائر",4729,4767,9496,2187,0,190,945,1135,247,1243,1130,2373,443,504,392,896,144,1918,293,2211,353,375,403,778,172,57,48,105,15,96,54,150,20,17144
"110410121605","الكمالية","Al- Kamaliah","صويلح","العاصمة","الجامعة","الجامعة",11739.1,2762280,1104101216,"صويلح","110410121605","الكمالية",8623,8463,17086,3929,0,175,414,589,136,4266,3626,7892,1650,882,728,1610,248,4463,495,4958,749,74,57,131,41,30,20,50,15,0,6,6,0,32322
"110410121606","الفضيلة","Al-Fadeileh","صويلح","العاصمة","الجامعة","الجامعة",5701.66,1328770,1104101216,"صويلح","110410121606","الفضيلة",7789,7669,15458,3685,0,362,671,1033,274,5184,4390,9574,1943,1491,896,2387,482,1956,517,2473,430,621,337,958,277,402,381,783,196,184,125,309,85,32975
"110410111802","ابن عوف","Eben A'ouf","الجبيهة","العاصمة","الجامعة","الجامعة",7333.43,1222360,1104101118,"الجبيهة","110410111802","ابن عوف",2076,2126,4202,959,0,209,354,563,147,129,151,280,62,154,140,294,65,812,114,926,172,121,102,223,65,9,15,24,6,24,12,36,5,6548
"110410111803","البلدية","Al- Baladiah","الجبيهة","العاصمة","الجامعة","الجامعة",5686.65,1668490,1104101118,"الجبيهة","110410111803","البلدية",4143,4071,8214,2036,0,1357,1133,2490,510,1962,1783,3745,840,1400,567,1967,337,2582,494,3076,489,655,425,1080,336,1533,1062,2595,623,1179,729,1908,425,25075
"110410111804","قطنة","Qatna","الجبيهة","العاصمة","الجامعة","الجامعة",8296.09,2611080,1104101118,"الجبيهة","110410111804","قطنة",8615,8638,17253,4041,0,327,708,1035,211,938,980,1918,405,700,623,1323,253,2900,504,3404,529,690,708,1398,338,78,75,153,38,40,53,93,17,26577
"110410111805","الرشيد","Arasheed","الجبيهة","العاصمة","الجامعة","الجامعة",7920.25,2530640,1104101118,"الجبيهة","110410111805","الرشيد",11654,11933,23587,5735,0,1903,2657,4560,874,2564,2394,4958,1027,1218,938,2156,378,2987,721,3708,682,2016,1987,4003,1001,376,379,755,150,374,310,684,116,44411
"110410111806","الصديق","Asadeeq","الجبيهة","العاصمة","الجامعة","الجامعة",7193.48,2447030,1104101118,"الجبيهة","110410111806","الصديق",6588,6886,13474,3321,0,163,690,853,214,708,908,1616,351,651,560,1211,214,1303,346,1649,310,590,624,1214,317,49,69,118,28,54,18,72,12,20207
"110410111807","الجامعة","Al- Jama'ah","الجبيهة","العاصمة","الجامعة","الجامعة",8902.68,3203890,1104101118,"الجبيهة","110410111807","الجامعة",7416,7501,14917,3820,0,1255,1942,3197,654,1118,1180,2298,491,917,672,1589,292,2566,728,3294,545,619,615,1234,336,538,510,1048,194,201,196,397,76,27974
"110410111808","الكلية الإسلامية","Al-Kuliah Al-Islamiah","الجبيهة","العاصمة","الجامعة","الجامعة",9427.6,2645320,1104101118,"الجبيهة","110410111808","الكلية الإسلامية",3761,3926,7687,1771,0,262,363,625,137,216,193,409,91,399,371,770,135,967,66,1033,210,115,103,218,59,6,9,15,6,12,12,24,5,10781
"110410111809","المنصور","Al- Mansour","الجبيهة","العاصمة","الجامعة","الجامعة",8938.99,3567030,1104101118,"الجبيهة","110410111809","المنصور",1464,1427,2891,643,0,71,146,217,53,68,109,177,42,161,63,224,31,364,54,418,96,62,48,110,25,0,0,0,0,0,0,0,0,4037
"110310121209","الاحسان","Al- Ihsan","خريبة السوق","العاصمة","القويسمة","القويسمة",7171.24,2368700,1103101212,"خريبة السوق وجاوة","110310121209","الاحسان",1477,1349,2826,504,0,21,27,48,9,342,332,674,122,329,175,504,69,92,51,143,28,0,0,0,0,0,0,0,0,0,0,0,0,4195
"110310121210","جاوا الشمالي","Jawa Ashamali","خريبة السوق","العاصمة","القويسمة","القويسمة",7214.01,2157810,1103101212,"خريبة السوق وجاوة","110310121210","جاوا الشمالي",6263,6135,12398,2508,0,2,58,60,11,759,794,1553,285,1792,1386,3178,490,786,181,967,156,15,11,26,8,0,0,0,0,0,0,0,0,18182
"110310121211","جاوا الجنوبي","Jawa Al- janubi","خريبة السوق","العاصمة","القويسمة","القويسمة",7173.62,2361840,1103101212,"خريبة السوق وجاوة","110310121211","جاوا الجنوبي",7237,6903,14140,2881,0,26,75,101,17,496,589,1085,209,910,777,1687,250,247,170,417,61,2,0,2,2,0,0,0,0,0,0,0,0,17432
"110310121212","الوفاء","Alwafaa","خريبة السوق","العاصمة","القويسمة","القويسمة",8682.29,3207190,1103101212,"خريبة السوق وجاوة","110310121212","الوفاء",2080,1850,3930,825,0,0,16,16,3,0,8,8,1,371,175,546,80,0,0,0,0,10,12,22,3,0,0,0,0,0,0,0,0,4522
"110310121213","قباء","Qibaa","خريبة السوق","العاصمة","القويسمة","القويسمة",9017.42,3732290,1103101212,"خريبة السوق وجاوة","110310121213","قباء",2997,2759,5756,1204,0,7,32,39,8,177,173,350,69,462,504,966,127,257,40,297,52,0,3,3,1,0,0,0,0,0,0,0,0,7411
"110310121214","الصفاء","Al- Safaa","خريبة السوق","العاصمة","القويسمة","القويسمة",9412.92,2940450,1103101212,"خريبة السوق وجاوة","110310121214","الصفاء",77,38,115,32,0,0,0,0,0,36,20,56,10,0,0,0,0,340,53,393,88,0,0,0,0,0,0,0,0,0,0,0,0,564
"110310121215","المجد","Al- Majd","خريبة السوق","العاصمة","القويسمة","القويسمة",5774.66,2061630,1103101212,"خريبة السوق وجاوة","110310121215","المجد",41,40,81,19,0,0,0,0,0,12,12,24,5,21,14,35,7,69,0,69,11,0,0,0,0,0,0,0,0,0,0,0,0,209
"110310121216","الامل","Alamal","خريبة السوق","العاصمة","القويسمة","القويسمة",6324.9,2409980,1103101212,"خريبة السوق وجاوة","110310121216","الامل",3,2,5,1,0,0,0,0,0,0,0,0,0,0,0,0,0,0,0,0,0,0,0,0,0,0,0,0,0,0,0,0,0,5
"110310121217","الهداية","Alhidaya","خريبة السوق","العاصمة","القويسمة","القويسمة",7791.07,2621970,1103101212,"خريبة السوق وجاوة","110310121217","الهداية",54,44,98,27,0,13,5,18,7,68,104,172,38,0,0,0,0,163,0,163,40,0,0,0,0,0,0,0,0,0,0,0,0,451
"110310121218","الربيع","Alrabee'a","خريبة السوق","العاصمة","القويسمة","القويسمة",7904.69,1879760,1103101212,"خريبة السوق وجاوة","110310121218","الربيع",16,24,40,8,0,0,0,0,0,16,16,32,0,42,21,63,15,106,0,106,25,0,0,0,0,0,0,0,0,0,0,0,0,241
"110310131301","ام قصير","Um Qsair","ام قصير والمقابلين و البنيات","العاصمة","القويسمة","القويسمة",10667.7,3054820,1103101313,"ام قصير والمقابلين والبنيات","110310131301","ام قصير",6751,6283,13034,2879,0,34,107,141,20,705,694,1399,251,434,266,700,136,406,161,567,83,11,11,22,5,9,3,12,3,0,0,0,0,15875
"110310131302","المقابلين","Moqabaleen","ام قصير والمقابلين و البنيات","العاصمة","القويسمة","القويسمة",9730.62,4969520,1103101313,"ام قصير والمقابلين والبنيات","110310131302","المقابلين",17265,16558,33823,6960,0,100,270,370,81,1654,1677,3331,647,1224,1281,2505,370,3202,913,4115,577,87,73,160,38,36,18,54,8,0,0,0,0,44358
"110310131303","الحسنية","Alhasniyah","ام قصير والمقابلين و البنيات","العاصمة","القويسمة","القويسمة",6540.52,1949910,1103101313,"ام قصير والمقابلين والبنيات","110310131303","الحسنية",5254,4862,10116,2108,0,67,77,144,29,419,420,839,183,567,539,1106,148,1613,449,2062,251,57,42,99,21,9,0,9,2,0,0,0,0,14375
"110310131304","البنيات الجنوبي","Al- Bnyaat Aljanoubi","ام قصير والمقابلين و البنيات","العاصمة","القويسمة","القويسمة",8183.4,2929730,1103101313,"ام قصير والمقابلين والبنيات","110310131304","البنيات الجنوبي",2761,2748,5509,1234,0,14,143,157,48,164,205,369,79,287,140,427,75,275,52,327,45,61,64,125,46,0,3,3,0,12,6,18,5,6935
"110310131305","البنيات الشمالي","Al- Bnyaat Alshamali","ام قصير والمقابلين و البنيات","العاصمة","القويسمة","القويسمة",6032.61,1778900,1103101313,"ام قصير والمقابلين والبنيات","110310131305","البنيات الشمالي",2865,2725,5590,1258,0,21,77,98,24,27,29,56,16,168,112,280,55,79,16,95,23,2,0,2,2,3,3,6,3,0,0,0,0,6127
"110310131306","الصحابة","Al- Sahaba","ام قصير والمقابلين و البنيات","العاصمة","القويسمة","القويسمة",9054.56,4050770,1103101313,"ام قصير والمقابلين والبنيات","110310131306","الصحابة",1879,1854,3733,833,0,23,160,183,58,185,123,308,67,154,98,252,36,239,27,266,64,44,54,98,22,3,9,12,3,0,0,0,0,4852
"110410151901","ذهيبة","Dihaybah","شفا بدران","العاصمة","الجامعة","الجامعة",7758.2,2130760,1104101519,"شفا بدران","110410151901","ذهيبة",3510,3189,6699,1554,0,757,422,1179,172,785,625,1410,345,497,196,693,166,766,124,890,170,231,171,402,110,117,49,166,50,54,17,71,6,11510
"110410151902","ابو القرام","Abu Algram","شفا بدران","العاصمة","الجامعة","الجامعة",5385.03,1855800,1104101519,"شفا بدران","110410151902","ابو القرام",1023,1096,2119,448,0,13,78,91,13,79,69,148,22,7,7,14,3,33,0,33,8,2,0,2,1,0,0,0,0,0,0,0,0,2407
"110410151903","المروج","Al- Mourooj","شفا بدران","العاصمة","الجامعة","الجامعة",8545.69,3368260,1104101519,"شفا بدران","110410151903","المروج",3684,3557,7241,1562,0,517,253,770,101,555,573,1128,185,105,84,189,29,236,51,287,56,24,22,46,10,3,0,3,2,240,24,264,2,9928
"110410151904","ياجوز","Yajouz","شفا بدران","العاصمة","الجامعة","الجامعة",6802.97,2045130,1104101519,"شفا بدران","110410151904","ياجوز",2170,2010,4180,903,0,36,139,175,43,80,82,162,40,189,161,350,75,376,43,419,86,12,14,26,4,0,0,0,0,0,0,0,0,5312
"110410151905","مرج الفرس","Marj Al-Faras","شفا بدران","العاصمة","الجامعة","الجامعة",12256.4,4866320,1104101519,"شفا بدران","110410151905","مرج الفرس",1029,982,2011,410,0,2,38,40,10,32,32,64,9,14,49,63,8,65,0,65,15,22,7,29,5,0,0,0,0,0,0,0,0,2272
"110410151906","ام بلانة","Um Blanah","شفا بدران","العاصمة","الجامعة","الجامعة",5900.77,1722680,1104101519,"شفا بدران","110410151906","ام بلانة",713,659,1372,270,0,509,126,635,11,12,20,32,4,7,0,7,0,127,0,127,26,3,0,3,0,0,3,3,0,120,12,132,0,2311
"110410151907","طاب كراع","Tab Kra'a","شفا بدران","العاصمة","الجامعة","الجامعة",4966.35,1154230,1104101519,"شفا بدران","110410151907","طاب كراع",3330,3174,6504,1458,0,68,265,333,56,853,956,1809,285,392,210,602,114,450,61,511,78,90,88,178,34,9,18,27,11,101,24,125,15,10089
"110410151908","الموحدين","Al- Mowahideen","شفا بدران","العاصمة","الجامعة","الجامعة",6756,1974550,1104101519,"شفا بدران","110410151908","الموحدين",860,854,1714,333,0,7,55,62,9,36,23,59,6,49,42,91,17,101,21,122,23,20,20,40,6,0,3,3,2,0,0,0,0,2091
"110410121607","الحمر","Al-Hummar","صويلح","العاصمة","الجامعة","الجامعة",11423.3,4530790,1104101216,"صويلح","110410121607","الحمر",91,92,183,52,0,0,31,31,4,0,0,0,0,0,0,0,0,13,0,13,4,0,0,0,0,0,0,0,0,0,0,0,0,227
"110410121608","الفروسية","Al- Fourosayeh","صويلح","العاصمة","الجامعة","الجامعة",7220.35,2159850,1104101216,"صويلح","110410121608","الفروسية",357,385,742,198,0,26,126,152,44,24,12,36,12,0,7,7,1,47,38,85,19,0,3,3,0,0,0,0,0,0,0,0,0,1025
"110410121609","حدائق الحسين","Hadayeq Al- Hussein","صويلح","العاصمة","الجامعة","الجامعة",5402.04,1530080,1104101216,"صويلح","110410121609","حدائق الحسين",395,379,774,192,0,57,413,470,108,0,11,11,4,0,0,0,0,232,0,232,43,42,44,86,17,0,0,0,0,0,0,0,0,1573
"110410121610","دابوق","Dabouq","صويلح","العاصمة","الجامعة","الجامعة",9564.34,3244870,1104101216,"صويلح","110410121610","دابوق",960,873,1833,468,0,43,217,260,63,75,44,119,26,28,49,77,9,519,144,663,71,6,14,20,6,27,0,27,3,0,12,12,0,3011
"110410131701","السلام","Assalam","تلاع العلي  و أم السماق و خلدا","العاصمة","الجامعة","الجامعة",6971.48,2000410,1104101317,"تلاع العلي وخلدا وام السماق","110410131701","السلام",4930,5465,10395,2893,0,1090,1837,2927,535,780,766,1546,370,441,378,819,163,2300,329,2629,577,2622,2647,5269,1452,117,126,243,53,268,250,518,79,24346
"110410131702","ام السماق","Um Assumaq","تلاع العلي  و أم السماق و خلدا","العاصمة","الجامعة","الجامعة",4770.47,1268970,1104101317,"تلاع العلي وخلدا وام السماق","110410131702","ام السماق",1998,1984,3982,977,0,161,687,848,211,223,219,442,114,161,147,308,61,837,119,956,208,781,892,1673,409,147,206,353,73,84,36,120,21,8682
"110410131703","الخالدين","Al-Khalideen","تلاع العلي  و أم السماق و خلدا","العاصمة","الجامعة","الجامعة",8741.58,2154920,1104101317,"تلاع العلي وخلدا وام السماق","110410131703","الخالدين",6906,7144,14050,3362,0,501,1347,1848,410,488,495,983,218,483,364,847,142,2376,292,2668,592,1509,1608,3117,762,66,92,158,37,168,186,354,67,24025
"110410131704","الصالحين","Assaliheen","تلاع العلي  و أم السماق و خلدا","العاصمة","الجامعة","الجامعة",7919.71,3566880,1104101317,"تلاع العلي وخلدا وام السماق","110410131704","الصالحين",10778,11072,21850,5354,0,1331,2396,3727,758,1433,1550,2983,636,1127,931,2058,369,5900,785,6685,1261,4376,4671,9047,2321,301,368,669,147,587,449,1036,199,48055
"110410131705","التلاع الشرقي","Attila'a Asharqi","تلاع العلي  و أم السماق و خلدا","العاصمة","الجامعة","الجامعة",7244.19,2156360,1104101317,"تلاع العلي وخلدا وام السماق","110410131705","التلاع الشرقي",5987,6390,12377,3332,0,688,1905,2593,572,869,821,1690,378,658,399,1057,208,4290,733,5023,960,4004,3906,7910,2011,465,538,1003,230,543,374,917,181,32570
"110410131706","التلاع الشمالي","Attila'a Ashamali","تلاع العلي  و أم السماق و خلدا","العاصمة","الجامعة","الجامعة",8886.25,3435470,1104101317,"تلاع العلي وخلدا وام السماق","110410131706","التلاع الشمالي",11227,11190,22417,5775,0,858,1978,2836,654,2387,2377,4764,1128,2555,1968,4523,854,4470,798,5268,964,3122,3108,6230,1692,570,461,1031,252,1085,724,1809,327,48878
"110410131707","بركة","Baraka","تلاع العلي  و أم السماق و خلدا","العاصمة","الجامعة","الجامعة",7472.02,2805840,1104101317,"تلاع العلي وخلدا وام السماق","110410131707","بركة",10492,10892,21384,5403,0,871,1874,2745,593,1463,1650,3113,704,1204,917,2121,411,3212,918,4130,849,4907,5108,10015,2530,1331,781,2112,310,698,474,1172,177,46792
"110410131708","خلدا","Khielda","تلاع العلي  و أم السماق و خلدا","العاصمة","الجامعة","الجامعة",6075.34,2329140,1104101317,"تلاع العلي وخلدا وام السماق","110410131708","خلدا",3912,4142,8054,2054,0,2220,1420,3640,373,340,334,674,165,336,280,616,112,1505,303,1808,372,1183,1261,2444,582,108,116,224,36,108,84,192,31,17652
"110410142001","السعاده","Assa'adah","ابو نصير","العاصمة","الجامعة","الجامعة",4363.54,877920,1104101420,"ابو نصير","110410142001","السعاده",6023,5892,11915,2728,0,53,218,271,57,1120,1352,2472,401,336,196,532,95,142,81,223,38,66,60,126,36,13,0,13,2,6,0,6,5,15558
"110410142002","البساله","Al- Basalah","ابو نصير","العاصمة","الجامعة","الجامعة",3119.88,639232,1104101420,"ابو نصير","110410142002","البساله",4273,4236,8509,2039,0,47,74,121,36,411,419,830,129,357,238,595,94,169,72,241,36,57,62,119,23,4,0,4,0,0,0,0,0,10419
"110410142003","الامانه","Al- Amanah","ابو نصير","العاصمة","الجامعة","الجامعة",7172.99,1491400,1104101420,"ابو نصير","110410142003","الامانه",6311,6150,12461,2934,0,128,269,397,102,3131,3505,6636,1267,483,378,861,139,580,47,627,137,184,153,337,89,27,45,72,15,107,18,125,5,21516
"110410142004","المحبه","Al- Mahaba","ابو نصير","العاصمة","الجامعة","الجامعة",2866.78,425419,1104101420,"ابو نصير","110410142004","المحبه",2287,2273,4560,1151,0,91,104,195,45,1456,1349,2805,666,322,98,420,85,632,32,664,124,74,80,154,32,69,54,123,39,230,186,416,92,9337
"110410142005","الفاروق","Al- Farouq","ابو نصير","العاصمة","الجامعة","الجامعة",5767.34,779976,1104101420,"ابو نصير","110410142005","الفاروق",3924,3961,7885,1848,0,217,286,503,97,943,1148,2091,381,280,217,497,97,505,54,559,113,117,101,218,45,39,30,69,21,6,6,12,5,11834
"110410142006","الضياء","Adayya","ابو نصير","العاصمة","الجامعة","الجامعة",8769.3,2539750,1104101420,"ابو نصير","110410142006","الضياء",1543,1430,2973,684,0,39,95,134,27,91,85,176,44,84,91,175,37,302,0,302,76,15,26,41,8,9,3,12,3,12,0,12,4,3825
"110510111406","الصناعة","Assina'a","وادي السير","العاصمة","وادي السير","وادي السير",8454.59,3880760,1105101114,"وادي السير","110510111406","الصناعة",2311,2113,4424,986,0,8,54,62,11,818,793,1611,314,7,7,14,1,2200,461,2661,362,8,4,12,6,0,0,0,0,0,0,0,0,8784
"110510111407","السهل","Al-Sahil","وادي السير","العاصمة","وادي السير","وادي السير",6857.13,1922640,1105101114,"وادي السير","110510111407","السهل",3279,3428,6707,1818,0,846,1489,2335,553,358,334,692,179,252,189,441,98,2165,163,2328,468,785,808,1593,457,122,160,282,55,435,342,777,161,15155
"110510111408","الديار","Addiyar","وادي السير","العاصمة","وادي السير","وادي السير",5574.55,1870500,1105101114,"وادي السير","110510111408","الديار",2883,3076,5959,1620,0,1274,3038,4312,1049,453,482,935,206,168,147,315,69,3184,353,3537,847,850,959,1809,492,104,116,220,35,196,167,363,79,17450
"110510111409","الظهير","Adihairah","وادي السير","العاصمة","وادي السير","وادي السير",7013.25,2471980,1105101114,"وادي السير","110510111409","الظهير",576,562,1138,242,0,23,178,201,36,19,36,55,9,0,0,0,0,106,24,130,24,36,38,74,13,6,3,9,3,0,0,0,0,1607
"110510111410","الدمينة","Adimainah","وادي السير","العاصمة","وادي السير","وادي السير",6390.93,1705300,1105101114,"وادي السير","110510111410","الدمينة",286,251,537,120,0,0,6,6,2,0,4,4,1,0,7,7,0,78,0,78,20,0,0,0,0,0,0,0,0,0,0,0,0,632
"110510121506","زبدة","Zibdah","بدر الجديدة","العاصمة","وادي السير","وادي السير",14892.5,4660180,1105101215,"بدر الجديدة","110510121506","زبدة",1071,998,2069,415,0,3,43,46,8,32,40,72,16,0,0,0,0,112,8,120,18,9,6,15,3,0,0,0,0,0,0,0,0,2322
"110510130101","الاول","Al- Awal","مرج الحمام","العاصمة","وادي السير","وادي السير",7851,2066630,1105101301,"مرج الحمام","110510130101","الاول",2199,2012,4211,985,0,67,223,290,64,632,622,1254,259,238,196,434,53,622,149,771,138,48,50,98,21,9,9,18,3,0,0,0,0,7076
"110510130102","الثاني","Al- Thani","مرج الحمام","العاصمة","وادي السير","وادي السير",7403.19,1557510,1105101301,"مرج الحمام","110510130102","الثاني",2524,2476,5000,1111,0,56,121,177,42,563,610,1173,249,112,42,154,23,560,35,595,90,61,52,113,34,9,9,18,3,0,0,0,0,7230
"110510130103","الثالث","Al- Thaleth","مرج الحمام","العاصمة","وادي السير","وادي السير",11836.2,3488980,1105101301,"مرج الحمام","110510130103","الثالث",2981,2907,5888,1229,0,8,67,75,16,339,274,613,111,7,21,28,1,99,72,171,22,0,0,0,0,0,0,0,0,0,0,0,0,6775
"110510130104","الرابع","Al- Rabi'a","مرج الحمام","العاصمة","وادي السير","وادي السير",7099.28,1854940,1105101301,"مرج الحمام","110510130104","الرابع",3102,3140,6242,1479,0,150,308,458,104,390,365,755,141,210,140,350,52,829,159,988,181,49,64,113,28,7,0,7,4,5,0,5,2,8918
"110510130105","الخامس","Al- khames","مرج الحمام","العاصمة","وادي السير","وادي السير",3941.07,874145,1105101301,"مرج الحمام","110510130105","الخامس",3870,3799,7669,1846,0,38,102,140,39,1005,1023,2028,389,203,175,378,65,704,328,1032,142,42,26,68,23,6,0,6,0,5,5,10,5,11331
"110510130106","السادس","Assades","مرج الحمام","العاصمة","وادي السير","وادي السير",6202.89,1939510,1105101301,"مرج الحمام","110510130106","السادس",4551,4702,9253,2126,0,92,221,313,80,1895,1919,3814,789,420,322,742,131,1147,356,1503,191,134,129,263,64,14,9,23,5,0,0,0,0,15911
"110510130107","السابع","Assabi'a","مرج الحمام","العاصمة","وادي السير","وادي السير",6249.36,2014950,1105101301,"مرج الحمام","110510130107","السابع",5300,5450,10750,2636,0,209,1089,1298,265,212,250,462,103,126,140,266,46,1368,171,1539,331,89,62,151,33,0,6,6,1,0,5,5,1,14477
"110510130108","الثامن","Athamen","مرج الحمام","العاصمة","وادي السير","وادي السير",5860.63,1632930,1105101301,"مرج الحمام","110510130108","الثامن",3422,3366,6788,1661,0,92,337,429,125,967,855,1822,395,336,238,574,70,950,146,1096,180,140,136,276,70,49,30,79,26,6,0,6,2,11070
"110510140101","البصة","Al- Bassa","البصة","العاصمة","وادي السير","وادي السير",16447.3,8115570,1105101401,"البصة","110510140101","البصة",4132,3926,8058,1566,0,11,17,28,5,199,143,342,65,21,7,28,5,185,9,194,45,3,0,3,2,0,0,0,0,0,0,0,0,8653
"110510150101","عراق الامير","A'raq Al- Ameer","عراق الامير","العاصمة","وادي السير","وادي السير",23044.4,7449930,1105101501,"عراق الامير","110510150101","عراق الامير",1927,1818,3745,737,0,0,2,2,0,120,128,248,41,0,0,0,0,18,9,27,5,4,6,10,2,0,0,0,0,0,0,0,0,4032
"110510111411","الكرسي","Al- Kurssi","وادي السير","العاصمة","وادي السير","وادي السير",8889.07,2266980,1105101114,"وادي السير","110510111411","الكرسي",5035,5164,10199,2503,0,199,1154,1353,324,332,355,687,157,168,182,350,68,1442,306,1748,316,99,98,197,41,6,6,12,2,18,24,42,10,14588
"110510111412","ام اذينة الغربي","Um Othyanah Al- gharbi","وادي السير","العاصمة","وادي السير","وادي السير",4190.86,888436,1105101114,"وادي السير","110510111412","ام اذينة الغربي",1844,2025,3869,1111,0,495,1240,1735,397,285,344,629,181,70,133,203,28,1501,290,1791,352,784,815,1599,422,27,51,78,14,35,40,75,15,9979
"110510111413","الصنوبر","Assounowber","وادي السير","العاصمة","وادي السير","وادي السير",10369.8,2879940,1105101114,"وادي السير","110510111413","الصنوبر",1916,1750,3666,794,0,6,44,50,7,78,107,185,36,105,56,161,35,151,8,159,31,4,8,12,4,0,0,0,0,0,0,0,0,4233
"110510121501","الرباحية","Arabahayeh","بدر الجديدة","العاصمة","وادي السير","وادي السير",7604.84,2356450,1105101215,"بدر الجديدة","110510121501","الرباحية",1521,1453,2974,661,0,0,10,10,4,38,25,63,10,0,0,0,0,73,90,163,26,9,7,16,5,0,0,0,0,0,0,0,0,3226
"110510121502","ام الاسود","Um Al- Aswad","بدر الجديدة","العاصمة","وادي السير","وادي السير",11916,4801900,1105101215,"بدر الجديدة","110510121502","ام الاسود",1299,1275,2574,553,0,28,150,178,45,43,112,155,35,0,0,0,0,207,24,231,57,3,0,3,1,15,6,21,6,0,0,0,0,3162
"110510121503","بلال","Bilal","بدر الجديدة","العاصمة","وادي السير","وادي السير",9096.47,3424010,1105101215,"بدر الجديدة","110510121503","بلال",2024,1950,3974,825,0,18,38,56,12,108,82,190,48,0,0,0,0,25,0,25,3,3,0,3,2,3,0,3,2,0,0,0,0,4251
"110510121504","الغروس","Al- Gharous","بدر الجديدة","العاصمة","وادي السير","وادي السير",6937,2141200,1105101215,"بدر الجديدة","110510121504","الغروس",1680,1663,3343,731,0,0,9,9,1,64,48,112,21,42,49,91,5,162,9,171,31,9,3,12,3,0,3,3,0,0,0,0,0,3741
"110510121505","السويسة","Aswaysah","بدر الجديدة","العاصمة","وادي السير","وادي السير",6514.38,1935870,1105101215,"بدر الجديدة","110510121505","السويسة",589,553,1142,262,0,0,6,6,1,0,4,4,0,7,21,28,7,9,0,9,2,0,0,0,0,0,0,0,0,0,0,0,0,1189
"110410151909","القصبات","Al- Qasabat","شفا بدران","العاصمة","الجامعة","الجامعة",6767.75,1769720,1104101519,"شفا بدران","110410151909","القصبات",1420,1282,2702,653,0,71,49,120,32,137,130,267,52,189,70,259,55,314,24,338,71,57,31,88,26,6,10,16,2,6,6,12,5,3802
"110410151910","ام العروق","Um Ala'orouq","شفا بدران","العاصمة","الجامعة","الجامعة",12506.4,3498720,1104101519,"شفا بدران","110410151910","ام العروق",563,529,1092,210,0,4,19,23,8,0,0,0,0,14,7,21,5,49,16,65,9,0,0,0,0,0,0,0,0,0,0,0,0,1201
"110410151911","أم حجير","Um Hajear","شفا بدران","العاصمة","الجامعة","الجامعة",5873.3,1274000,1104101519,"شفا بدران","110410151911","أم حجير",2591,2564,5155,1215,0,139,211,350,90,322,446,768,122,147,168,315,64,302,0,302,80,48,43,91,26,15,6,21,3,0,0,0,0,7002
"110410151912","عيون الذيب","A'youn Addeeb","شفا بدران","العاصمة","الجامعة","الجامعة",7418.77,1996560,1104101519,"شفا بدران","110410151912","عيون الذيب",770,824,1594,307,0,0,17,17,4,34,37,71,15,21,35,56,5,126,0,126,21,0,0,0,0,3,0,3,0,0,0,0,0,1867
"110410151913","الكوم الغربي","Al- Koum Al-gharbi","شفا بدران","العاصمة","الجامعة","الجامعة",7367.49,2268540,1104101519,"شفا بدران","110410151913","الكوم الغربي",709,705,1414,300,0,19,30,49,8,0,0,0,0,14,7,21,6,8,9,17,3,0,0,0,0,3,3,6,3,0,0,0,0,1507
"110410151914","الكوم الشرقي","Al- Koum Asharqii","شفا بدران","العاصمة","الجامعة","الجامعة",4643.65,937015,1104101519,"شفا بدران","110410151914","الكوم الشرقي",115,112,227,38,0,0,0,0,0,0,0,0,0,0,0,0,0,0,0,0,0,0,0,0,0,0,0,0,0,0,0,0,0,227
"110410151915","الأمير حمزة","Al-Ameer Hamza","شفا بدران","العاصمة","الجامعة","الجامعة",9226.36,2351920,1104101519,"شفا بدران","110410151915","الأمير حمزة",4392,4343,8735,1862,0,138,297,435,71,119,171,290,70,252,196,448,73,386,47,433,93,11,8,19,8,0,0,0,0,0,12,12,1,10372
"110410151916","ام شطيرات","Um Shtayraat","شفا بدران","العاصمة","الجامعة","الجامعة",10124.4,2934680,1104101519,"شفا بدران","110410151916","ام شطيرات",36,37,73,12,0,3,0,3,0,0,0,0,0,0,0,0,0,81,0,81,7,0,0,0,0,0,0,0,0,0,0,0,0,157
"110410151917","غير مسمى","Unknown","شفا بدران","العاصمة","الجامعة","الجامعة",15280.4,6382560,1104101519,"شفا بدران","110410151917","غير مسمى",125,121,246,50,0,0,6,6,1,0,0,0,0,0,0,0,0,8,0,8,2,0,0,0,0,0,0,0,0,0,0,0,0,260
"110510111401","الروابي","Arrawabi","وادي السير","العاصمة","وادي السير","وادي السير",8031.83,3941860,1105101114,"وادي السير","110510111401","الروابي",11823,12347,24170,6499,0,1958,4071,6029,1292,1665,1541,3206,787,1155,924,2079,416,5363,741,6104,1179,2738,2715,5453,1574,426,587,1013,237,781,457,1238,213,49292
"110510111402","الصويفية","Al-Swayfieyah","وادي السير","العاصمة","وادي السير","وادي السير",5373.65,1726510,1105101114,"وادي السير","110510111402","الصويفية",3514,3785,7299,2081,0,994,1973,2967,772,739,699,1438,340,329,301,630,114,3748,779,4527,858,791,894,1685,446,199,172,371,49,470,395,865,136,19782
"110510111403","الجندويل","Al- Jandaweel","وادي السير","العاصمة","وادي السير","وادي السير",5183.45,1523850,1105101114,"وادي السير","110510111403","الجندويل",7238,7367,14605,3758,0,600,1406,2006,484,1704,1577,3281,741,378,455,833,137,2618,736,3354,574,507,444,951,257,43,26,69,15,67,65,132,35,25231
"110510111404","الرونق","Arrawnaq","وادي السير","العاصمة","وادي السير","وادي السير",5390.59,1683620,1105101114,"وادي السير","110510111404","الرونق",7736,7965,15701,3665,0,286,741,1027,249,2728,2772,5500,1136,742,742,1484,246,3972,948,4920,814,207,204,411,113,51,49,100,23,10,0,10,5,29153
"110510111405","وادي السير","Wadi Al- Sir","وادي السير","العاصمة","وادي السير","وادي السير",18607.4,5143150,1105101114,"وادي السير","110510111405","وادي السير",12885,12594,25479,5736,0,162,419,581,148,5246,4458,9704,2030,882,700,1582,248,6334,2135,8469,1211,51,54,105,29,15,3,18,8,0,6,6,1,45944
"110610110216","المناخر","Al- Manakhir","أحد","العاصمة","سحاب","سحاب",19316.7,16715400,1106101102,"أحد","110610110216","المناخر",712,660,1372,266,0,0,0,0,0,48,44,92,27,0,7,7,1,277,0,277,22,0,0,0,0,0,0,0,0,0,0,0,0,1748
"110610110217","قعفور","Qa'four","أحد","العاصمة","سحاب","سحاب",30484,44434600,1106101102,"أحد","110610110217","قعفور",55,26,81,20,0,24,0,24,5,152,128,280,66,0,0,0,0,310,0,310,46,0,0,0,0,3,0,3,2,0,0,0,0,698
"110610110218","البيضاء","Al- Baydaa","أحد","العاصمة","سحاب","سحاب",26902.7,22587300,1106101102,"أحد","110610110218","البيضاء",2801,2554,5355,1023,0,16,20,36,9,125,96,221,48,182,168,350,51,72,18,90,26,11,8,19,5,0,0,0,0,0,0,0,0,6071
"110610110219","رميدان","Rmaydan","أحد","العاصمة","سحاب","سحاب",7460.87,1990020,1106101102,"أحد","110610110219","رميدان",132,125,257,57,0,0,2,2,1,40,24,64,12,0,0,0,0,45,0,45,7,0,0,0,0,0,0,0,0,0,0,0,0,368
"110610110220","الماضونة","Al- Madouneh","أحد","العاصمة","سحاب","سحاب",31495.9,36618000,1106101102,"أحد","110610110220","الماضونة",29,18,47,11,0,22,14,36,8,12,12,24,9,0,0,0,0,107,0,107,15,0,0,0,0,0,0,0,0,0,0,0,0,214
"110510160101","ابو السوس","Abu Asous","ابو السوس","العاصمة","وادي السير","وادي السير",7632.42,1900730,1105101601,"ابو السوس","110510160101","ابو السوس",350,322,672,138,0,0,38,38,5,0,4,4,1,0,7,7,0,8,0,8,2,0,0,0,0,0,0,0,0,0,0,0,0,729
"110510170101","البحاث","Al- Bahaat","البحاث","العاصمة","وادي السير","وادي السير",16560.1,6267260,1105101701,"البحاث","110510170101","البحاث",54,45,99,25,0,22,12,34,7,64,40,104,22,0,0,0,0,152,28,180,38,0,0,0,0,0,0,0,0,0,0,0,0,417
"110510180101","الالمانية والقصبات","Almaniyyeh,Qhasabat","الالمانية والقصبات","العاصمة","وادي السير","وادي السير",10639.4,3967890,1105101801,"الالمانية والقصبات","110510180101","الالمانية والقصبات",986,873,1859,333,0,0,0,0,0,9,24,33,6,0,0,0,0,51,0,51,17,0,0,0,0,0,0,0,0,0,0,0,0,1943
"110510190101","الرجاحة","Arrajaha","الرجاحة","العاصمة","وادي السير","وادي السير",6539.31,1604090,1105101901,"الرجاحة","110510190101","الرجاحة",533,522,1055,221,0,0,10,10,2,0,0,0,0,14,21,35,5,23,0,23,4,0,0,0,0,0,0,0,0,0,0,0,0,1123
"110510200101","الثغرة","Al- thoughra","الثغرة","العاصمة","وادي السير","وادي السير",15806.3,2828970,1105102001,"الثغرة","110510200101","الثغرة",50,39,89,14,0,0,0,0,0,0,0,0,0,0,0,0,0,66,0,66,21,0,0,0,0,9,0,9,3,0,0,0,0,164
"110510210101","الحامدية","Al- Hamdieyah","الحامدية","العاصمة","وادي السير","وادي السير",8928.39,1935910,1105102101,"الحامدية","110510210101","الحامدية",324,367,691,126,0,0,0,0,0,0,0,0,0,0,0,0,0,0,0,0,0,0,0,0,0,3,0,3,2,0,0,0,0,694
"110510220101","وادي الشتاء","Wadi Ashita","وادي الشتاء","العاصمة","وادي السير","وادي السير",16223.1,4574520,1105102201,"وادي الشتاء","110510220101","وادي الشتاء",143,159,302,58,0,2,0,2,0,44,39,83,19,7,0,7,2,195,0,195,55,0,0,0,0,3,0,3,2,0,0,0,0,592
"110510230101","الطبقة","Atabaqa","الطبقة","العاصمة","وادي السير","وادي السير",5627.1,1480140,1105102301,"الطبقة","110510230101","الطبقة",498,486,984,207,0,0,2,2,1,0,0,0,0,0,0,0,0,0,0,0,0,0,0,0,0,0,0,0,0,0,0,0,0,986
"110510240101","الدبة","Addaba","الدبة","العاصمة","وادي السير","وادي السير",5848.83,1254710,1105102401,"الدبة","110510240101","الدبة",269,167,436,126,0,0,0,0,0,0,0,0,0,0,7,7,2,87,23,110,12,0,0,0,0,0,0,0,0,0,0,0,0,553
"110510250101","ام نجاصة","Um Njasa","ام نجاصة","العاصمة","وادي السير","وادي السير",10688.9,3443150,1105102501,"ام نجاصة","110510250101","ام نجاصة",263,300,563,118,0,10,5,15,4,32,36,68,14,0,7,7,1,107,0,107,27,6,2,8,2,0,0,0,0,0,0,0,0,768
"110510260101","الفحص","Al- Fouhs","الفحص","العاصمة","وادي السير","وادي السير",6757.63,1778200,1105102601,"الفحص","110510260101","الفحص",137,129,266,47,0,0,0,0,0,20,8,28,8,0,0,0,0,41,0,41,11,0,0,0,0,6,0,6,5,0,0,0,0,341
"110510270101","النعير","Ana'ar","النعير","العاصمة","وادي السير","وادي السير",8723.17,3709500,1105102701,"النعير","110510270101","النعير",820,754,1574,363,0,0,0,0,0,12,24,36,8,84,49,133,17,9,9,18,0,0,0,0,0,0,0,0,0,0,0,0,0,1761
"110510280101","الدير","Dair","الدير","العاصمة","وادي السير","وادي السير",9654.43,1678190,1105102801,"الدير","110510280101","الدير",1037,966,2003,401,0,0,0,0,0,32,44,76,16,14,0,14,1,12,0,12,4,0,0,0,0,0,0,0,0,0,0,0,0,2105
"110610110101","الاول","Al- Awal","سحاب","العاصمة","سحاب","سحاب",8069.11,2424910,1106101101,"سحاب","110610110101","الاول",9921,9522,19443,3989,0,399,310,709,191,4166,4140,8306,1611,1169,994,2163,313,5760,2060,7820,849,69,41,110,28,474,42,516,57,0,6,6,0,39073
"110610110102","الثاني","Al- Thani","سحاب","العاصمة","سحاب","سحاب",15106.9,9618760,1106101101,"سحاب","110610110102","الثاني",6517,5984,12501,2521,0,825,247,1072,243,1591,1665,3256,604,1106,728,1834,250,9514,670,10184,1478,87,63,150,27,847,33,880,185,6,0,6,0,29883
"110610110103","الثالث","Al- Thaleth","سحاب","العاصمة","سحاب","سحاب",9855.65,4082080,1106101101,"سحاب","110610110103","الثالث",15156,14018,29174,5917,0,644,466,1110,225,7053,6533,13586,2726,2149,1589,3738,554,9738,2205,11943,1536,84,46,130,37,251,42,293,53,6,0,6,5,59980
"110610110212","العبدليه","Al- A'bdaleih","أحد","العاصمة","سحاب","سحاب",14568.7,8913970,1106101102,"أحد","110610110212","العبدليه",7501,7106,14607,2972,0,331,179,510,76,1072,1043,2115,368,1036,959,1995,283,1482,247,1729,113,16,27,43,9,0,0,0,0,0,0,0,0,20999
"110610110213","زملة العليا","Zamla Al-a'olya","أحد","العاصمة","سحاب","سحاب",22240.7,20348500,1106101102,"أحد","110610110213","زملة العليا",45,54,99,22,0,0,0,0,0,0,0,0,0,0,0,0,0,16,21,37,7,0,0,0,0,0,0,0,0,0,0,0,0,136
"110610110214","الخشافية الشمالية","Al-Khashafiah Ashamalia","أحد","العاصمة","سحاب","سحاب",10486.6,4959290,1106101102,"أحد","110610110214","الخشافية الشمالية",3959,3850,7809,1634,0,3,9,12,3,126,130,256,67,140,98,238,36,128,59,187,22,12,15,27,6,2,0,2,2,0,0,0,0,8531
"110610110215","الخشافية الجنوبية","Al-Khashafiah Ajanoubia","أحد","العاصمة","سحاب","سحاب",10914.1,5432800,1106101102,"أحد","110610110215","الخشافية الجنوبية",823,766,1589,377,0,0,0,0,0,44,48,92,22,0,0,0,0,34,18,52,10,0,0,0,0,0,0,0,0,0,0,0,0,1733
"110710110112","الطنيب","Al- Tnayb","الجيزة","العاصمة","الجيزة","الجيزة",22291.7,25359600,1107101101,"الجيزة","110710110112","الطنيب",653,543,1196,267,0,50,39,89,24,124,92,216,51,7,0,7,2,231,25,256,64,17,0,17,2,18,0,18,4,0,0,0,0,1799
"110710110113","المناره","Al- Manara","الجيزة","العاصمة","الجيزة","الجيزة",9474.53,3957130,1107101101,"الجيزة","110710110113","المنارة",217,238,455,88,0,0,4,4,1,0,0,0,0,0,0,0,0,16,0,16,4,0,0,0,0,0,0,0,0,0,0,0,0,475
"110710110114","الخضراء","Al- Khadra","الجيزة","العاصمة","الجيزة","الجيزة",13999.7,6738100,1107101101,"الجيزة","110710110114","الخضراء",341,334,675,138,0,38,31,69,13,245,157,402,63,0,0,0,0,870,242,1112,177,0,0,0,0,6,0,6,4,0,0,0,0,2264
"110710110124","القنيطره","Qunaitrah","الجيزة","العاصمة","الجيزة","الجيزة",55347.9,96858300,1107101101,"الجيزة","110710110124","القنيطره",396,388,784,145,0,0,2,2,1,41,15,56,6,7,0,7,0,290,0,290,37,0,0,0,0,3,0,3,0,0,0,0,0,1142
"110710110125","الناصرية","Al-Nasirayyah","الجيزة","العاصمة","الجيزة","الجيزة",7709.79,2349410,1107101101,"الجيزة","110710110125","الناصرية",366,362,728,131,0,0,2,2,1,34,23,57,7,0,0,0,0,42,0,42,4,0,0,0,0,0,0,0,0,0,0,0,0,829
"110710110126","الشهباء","Al-Shahbaa","الجيزة","العاصمة","الجيزة","الجيزة",10369.9,4790570,1107101101,"الجيزة","110710110126","الشهباء(زباير الوتيري)",140,124,264,51,0,0,0,0,0,36,44,80,8,0,0,0,0,0,0,0,0,0,0,0,0,0,0,0,0,0,0,0,0,344
"110710110127","المشتى","Al-Mushatta","الجيزة","العاصمة","الجيزة","الجيزة",26290.7,21083100,1107101101,"الجيزة","110710110127","المشتى",75,64,139,23,0,17,0,17,2,0,0,0,0,0,0,0,0,227,0,227,18,0,0,0,0,157,0,157,2,0,0,0,0,540
"110710110128","الغبية","Al- Ghabayah","الجيزة","العاصمة","الجيزة","الجيزة",8374.74,3471460,1107101101,"الجيزة","110710110128","الغبية",276,254,530,107,0,0,57,57,3,8,16,24,5,0,7,7,1,235,51,286,47,0,0,0,0,0,0,0,0,0,0,0,0,904
"110710110129","السيفية","Al-Sayfia ( Zabayer Kana'an)","الجيزة","العاصمة","الجيزة","الجيزة",17939.4,17107500,1107101101,"الجيزة","110710110129","السيفية(زباير كنيعان)",34,25,59,11,0,0,0,0,0,80,116,196,28,0,0,0,0,202,88,290,39,0,0,0,0,0,0,0,0,0,0,0,0,545
"110710110130","الباسلية","Al- Basilyya","الجيزة","العاصمة","الجيزة","الجيزة",24869.8,25070700,1107101101,"الجيزة","110710110130","الباسلية",330,299,629,113,0,16,22,38,4,12,12,24,3,0,0,0,0,14,0,14,4,0,0,0,0,0,0,0,0,0,0,0,0,705
"110710110131","الثمد","Al-tamd","الجيزة","العاصمة","الجيزة","الجيزة",15277.4,9610400,1107101101,"الجيزة","110710110131","الثمد",133,102,235,41,0,0,0,0,0,0,0,0,0,0,0,0,0,0,0,0,0,0,0,0,0,0,0,0,0,0,0,0,0,235
"110710110132","الصلاحيه","Slahayyah ( Zabayer Altwal)","الجيزة","العاصمة","الجيزة","الجيزة",12075.8,5578710,1107101101,"الجيزة","110710110132","الصلاحيه(زباير الطوال)",609,635,1244,210,0,8,3,11,5,0,4,4,0,147,91,238,34,71,0,71,9,0,0,0,0,0,0,0,0,0,0,0,0,1568
"110710110133","مخيم الطالبية","Mukhayyam Al- Talbiah","الجيزة","العاصمة","الجيزة","الجيزة",7492.54,2257130,1107101101,"الجيزة","110710110133","مخيم الطالبية",5224,5134,10358,1981,0,95,58,153,22,781,764,1545,299,1393,987,2380,335,1465,293,1758,245,6,11,17,4,39,9,48,13,18,0,18,0,16277
"110710110134","الخنان","Al- Khannan ( Alnadwah)","الجيزة","العاصمة","الجيزة","الجيزة",12423.4,5287560,1107101101,"الجيزة","110710110134","الخنان (الندوه)",24,15,39,9,0,0,0,0,0,0,0,0,0,0,0,0,0,16,0,16,4,0,0,0,0,0,0,0,0,0,0,0,0,55
"110710110135","القناطر","Al- qanater","الجيزة","العاصمة","الجيزة","الجيزة",9349.78,2716910,1107101101,"الجيزة","110710110135","القناطر",135,142,277,54,0,0,0,0,0,16,24,40,8,0,0,0,0,0,0,0,0,0,0,0,0,0,0,0,0,0,0,0,0,317
"110710110136","الهريج","Al- Hurayj","الجيزة","العاصمة","الجيزة","الجيزة",6930.11,2295460,1107101101,"الجيزة","110710110136","الهريج",117,95,212,48,0,0,0,0,0,28,12,40,10,0,0,0,0,130,0,130,32,0,0,0,0,0,0,0,0,0,0,0,0,382
"110710110115","الزيتونة","Al-Zaytouna","الجيزة","العاصمة","الجيزة","الجيزة",14225.9,6534430,1107101101,"الجيزة","110710110115","الزيتونة",647,545,1192,264,0,3,81,84,7,40,44,84,14,42,49,91,12,99,9,108,24,2,4,6,2,0,0,0,0,0,0,0,0,1565
"110710110116","ارينبه الشرقية","Aranba Al-Sharqia","الجيزة","العاصمة","الجيزة","الجيزة",15970.5,8867940,1107101101,"الجيزة","110710110116","ارينبة الشرقية",795,778,1573,289,0,3,9,12,3,0,4,4,0,7,7,14,5,137,27,164,32,0,0,0,0,0,0,0,0,0,0,0,0,1767
"110710110117","الزعفران","Al- Za'afaran","الجيزة","العاصمة","الجيزة","الجيزة",19268.8,11215900,1107101101,"الجيزة","110710110117","الزعفران",931,927,1858,338,0,0,2,2,0,0,10,10,2,0,0,0,0,58,0,58,15,0,0,0,0,0,0,0,0,0,0,0,0,1928
"110710110118","صوفه","Soufa","الجيزة","العاصمة","الجيزة","الجيزة",15038.7,8765880,1107101101,"الجيزة","110710110118","صوفة",199,192,391,71,0,0,2,2,0,32,44,76,12,0,0,0,0,145,0,145,28,0,0,0,0,0,0,0,0,0,0,0,0,614
"110710110119","زويزيا","Zowayzyya","الجيزة","العاصمة","الجيزة","الجيزة",18872.9,13127700,1107101101,"الجيزة","110710110119","زويزيا",222,199,421,93,0,8,0,8,6,4,0,4,2,0,0,0,0,195,0,195,47,0,0,0,0,3,0,3,2,0,0,0,0,631
"110710110120","ام قصير","Um Qsair","الجيزة","العاصمة","الجيزة","الجيزة",16856.1,14628200,1107101101,"الجيزة","110710110120","أم قصير",1831,1708,3539,639,0,85,10,95,0,16,8,24,4,21,49,70,2,209,33,242,8,0,0,0,0,0,0,0,0,0,0,0,0,3970
"110710110121","زينب","Zaynab","الجيزة","العاصمة","الجيزة","الجيزة",13619.8,6963730,1107101101,"الجيزة","110710110121","زينب",258,260,518,94,0,0,4,4,1,0,0,0,0,0,0,0,0,21,0,21,5,0,0,0,0,0,0,0,0,0,0,0,0,543
"110710110122","دليلة المطيرات","Al-Dilala(Dilala Almtayrat)","الجيزة","العاصمة","الجيزة","الجيزة",20873.4,16139800,1107101101,"الجيزة","110710110122","الدليله(دليلة المطيرات)",566,515,1081,204,0,0,0,0,0,12,8,20,6,0,0,0,0,9,0,9,2,0,0,0,0,0,0,0,0,0,0,0,0,1110
"110710110123","ام رمانه","Um Rumanah","الجيزة","العاصمة","الجيزة","الجيزة",19911,15274300,1107101101,"الجيزة","110710110123","ام رمانه",611,603,1214,252,0,25,17,42,5,111,112,223,46,0,14,14,1,424,77,501,76,0,0,0,0,0,0,0,0,0,0,0,0,1994
"110710110101","الجيزة","Al- Jezah","الجيزة","العاصمة","الجيزة","الجيزة",35747.1,50277700,1107101101,"الجيزة","110710110101","الجيزة",2705,2257,4962,737,0,1439,771,2210,20,1175,1234,2409,393,609,252,861,53,6339,297,6636,727,126,60,186,3,663,192,855,18,60,6,66,0,18185
"110710110102","ام العمد","Um Al-A'mad","الجيزة","العاصمة","الجيزة","الجيزة",20938.1,15729300,1107101101,"الجيزة","110710110102","ام العمد",522,458,980,212,0,37,59,96,20,299,284,583,109,175,147,322,53,2184,750,2934,471,0,0,0,0,3,0,3,2,0,0,0,0,4918
"110710110103","نتل","Nitel","الجيزة","العاصمة","الجيزة","الجيزة",14233.8,11953300,1107101101,"الجيزة","110710110103","نتل",626,628,1254,247,0,6,8,14,4,28,32,60,10,0,0,0,0,104,43,147,25,0,0,0,0,0,0,0,0,0,0,0,0,1475
"110710110104","اللبن","AL-Llouban","الجيزة","العاصمة","الجيزة","الجيزة",21408.1,20031300,1107101101,"الجيزة","110710110104","اللبن",3127,2756,5883,1227,0,62,77,139,24,408,362,770,150,266,196,462,84,435,118,553,92,3,0,3,0,45,0,45,0,0,0,0,0,7855
"110710110105","القسطل","Al-Qastal","الجيزة","العاصمة","الجيزة","الجيزة",27730.6,31125100,1107101101,"الجيزة","110710110105","القسطل",1841,1818,3659,751,0,236,50,286,28,365,381,746,147,462,476,938,121,2288,476,2764,259,0,4,4,2,132,24,156,25,0,0,0,0,8553
"110710110106","منجا","Manja","الجيزة","العاصمة","الجيزة","الجيزة",13747.3,9589360,1107101101,"الجيزة","110710110106","منجا",893,880,1773,368,0,147,137,284,47,112,116,228,32,14,14,28,5,575,106,681,83,0,0,0,0,9,0,9,3,0,0,0,0,3003
"110710110107","ام الوليد","Um Al-Waleed","الجيزة","العاصمة","الجيزة","الجيزة",14936.6,11198300,1107101101,"الجيزة","110710110107","ام الوليد",1284,1155,2439,460,0,0,0,0,0,0,0,0,0,0,0,0,0,34,0,34,7,0,0,0,0,0,0,0,0,0,0,0,0,2473
"110710110108","حواره","Howwarah","الجيزة","العاصمة","الجيزة","الجيزة",14347,10153000,1107101101,"الجيزة","110710110108","حواره",318,353,671,126,0,3,8,11,2,72,64,136,29,0,7,7,0,287,86,373,61,0,0,0,0,3,0,3,2,0,0,0,0,1201
"110710110109","الهرى","Al- Hara","الجيزة","العاصمة","الجيزة","الجيزة",17253.4,6900940,1107101101,"الجيزة","110710110109","الهرى",9,11,20,3,0,0,0,0,0,0,0,0,0,0,0,0,0,0,0,0,0,0,0,0,0,0,0,0,0,0,0,0,0,20
"110710110110","ارينبه الغربية","Aranba Al-Gharbia","الجيزة","العاصمة","الجيزة","الجيزة",23300.7,17547600,1107101101,"الجيزة","110710110110","ارينبة الغربية",1098,1000,2098,408,0,597,32,629,9,64,40,104,20,84,91,175,20,197,25,222,34,0,0,0,0,0,0,0,0,0,0,0,0,3228
"110710110111","جلول","Jlool","الجيزة","العاصمة","الجيزة","الجيزة",20658.1,17570900,1107101101,"الجيزة","110710110111","جلول",423,411,834,164,0,3,17,20,5,60,60,120,28,0,0,0,0,586,71,657,109,0,0,0,0,0,0,0,0,0,0,0,0,1631
"110810180101","الحاتمية","Hatmeia","الحاتمية","العاصمة","الموقر","الموقر",24722,18305900,1108101801,"الحاتمية","110810180101","الحاتمية",876,875,1751,331,0,45,6,51,2,48,32,80,14,0,0,0,0,779,24,803,16,0,0,0,0,39,0,39,0,0,0,0,0,2724
"110810190101","غزالة","Ghazaleh","غزالة","العاصمة","الموقر","الموقر",6462.57,2231910,1108101901,"غزالة","110810190101","غزالة",246,190,436,78,0,0,0,0,0,60,44,104,20,0,14,14,2,0,0,0,0,0,0,0,0,0,0,0,0,0,0,0,0,554
"110810200101","روضة الحسين النموذجية","Raudet Hussen Namuthajeh","روضة الحسين النموذجية","العاصمة","الموقر","الموقر",11514.9,7310750,1108102001,"روضة الحسين النموذجية","110810200101","روضة الحسين النموذجية",14,10,24,6,0,0,0,0,0,120,88,208,40,0,0,0,0,0,9,9,0,2,6,8,2,0,0,0,0,0,0,0,0,249
"110810210101","الحنيفية","Hunaifiyyeh","الحنيفية","العاصمة","الموقر","الموقر",35552.7,50100000,1108102101,"الحنيفية","110810210101","الحنيفية",147,134,281,55,0,0,0,0,0,40,32,72,14,0,7,7,0,93,18,111,5,0,0,0,0,0,0,0,0,0,0,0,0,471
"110810220101","الفالج(الرابية)","Falej (Rabyyeh)","الفالج(الرابية)","العاصمة","الموقر","الموقر",38415.8,72148100,1108102201,"الفالج(الرابية)","110810220101","الفالج(الرابية)",46,59,105,24,0,0,0,0,0,12,12,24,4,0,0,0,0,9,0,9,2,0,0,0,0,0,0,0,0,0,0,0,0,138
"110810230101","الزميلات","Zmailat","الزميلات","العاصمة","الموقر","الموقر",11830.4,7069350,1108102301,"الزميلات","110810230101","الزميلات",629,638,1267,242,0,75,0,75,1,52,48,100,8,0,0,0,0,608,0,608,5,0,0,0,0,15,6,21,1,0,0,0,0,2071
"110810240101","المطبة (المصطبه)","Matabah (Mastabah)","المطبة (المصطبه)","العاصمة","الموقر","الموقر",31534.8,42296800,1108102401,"المطبة (المصطبه)","110810240101","المطبة (المصطبه)",81,67,148,27,0,3,3,6,0,28,52,80,12,0,0,0,0,26,7,33,0,0,0,0,0,0,0,0,0,0,0,0,0,267
"110810250101","الجناب","Jnab","الجناب","العاصمة","الموقر","الموقر",81281.4,101294000,1108102501,"الجناب","110810250101","الجناب",85,70,155,29,0,226,0,226,0,72,56,128,24,7,7,14,3,747,0,747,5,0,0,0,0,102,0,102,0,0,0,0,0,1372
"110820110101","رجم الشامي الغربي","Rojom Shami Gharbi","رجم الشامي الغربي","العاصمة","الموقر","رجم الشامي",6431.29,1935000,1108201101,"رجم الشامي الغربي","110820110101","رجم الشامي الغربي",4205,4063,8268,1721,0,21,25,46,13,574,511,1085,211,245,224,469,84,365,222,587,89,28,25,53,11,18,6,24,11,0,0,0,0,10532
"110820120101","سالم","Salem","سالم","العاصمة","الموقر","رجم الشامي",14413.1,9307060,1108201201,"سالم","110820120101","سالم",4533,4090,8623,1631,0,15,24,39,9,1000,963,1963,339,679,637,1316,171,481,190,671,106,6,0,6,3,0,0,0,0,0,0,0,0,12618
"110820130101","الهاشمية","Hashemiyah","الهاشمية","العاصمة","الموقر","رجم الشامي",24330.5,20442500,1108201301,"الهاشمية","110820130101","الهاشمية",313,296,609,168,0,4,5,9,2,64,68,132,30,0,7,7,1,30,0,30,6,0,0,0,0,0,0,0,0,0,0,0,0,787
"110710300101","ضبعه","Dab'ah","ضبعه","العاصمة","الجيزة","الجيزة",33023.4,33225000,1107103001,"ضبعة","110710300101","ضبعه",657,654,1311,214,0,6,18,24,3,25,14,39,7,21,21,42,6,127,18,145,23,0,0,0,0,0,0,0,0,0,0,0,0,1561
"110710360101","الزميله","Zmaileh","الزميله","العاصمة","الجيزة","الجيزة",68400.5,119073000,1107103601,"الزميلة","110710360101","الزميله",1319,1372,2691,541,0,6,3,9,0,12,16,28,8,14,14,28,2,436,27,463,59,6,2,8,2,18,3,21,6,0,0,0,0,3248
"110710380101","الخالدية","Alkhaldieh","الخالدية","العاصمة","الجيزة","الجيزة",15655.1,5222820,1107103801,"الخالدية","110710380101","الخالدية",285,315,600,113,0,0,0,0,0,8,12,20,5,0,14,14,2,35,9,44,7,0,3,3,0,0,0,0,0,0,0,0,0,681
"110710390101","الخريم","Khrayyem","الخريم","العاصمة","الجيزة","الجيزة",57922.6,159914000,1107103901,"الخريم","110710390101","الخريم",1,0,1,0,0,0,0,0,0,0,0,0,0,0,0,0,0,0,0,0,0,0,0,0,0,0,0,0,0,0,0,0,0,1
"110710480101","خان الزبيب","Kan El-Zabib","خان الزبيب","العاصمة","الجيزة","الجيزة",6037.49,1967770,1107104801,"خان الزبيب","110710480101","خان الزبيب",0,0,0,0,0,0,0,0,0,0,0,0,0,0,0,0,0,8,0,8,2,0,0,0,0,0,0,0,0,0,0,0,0,8
"110710500101","الذرة","Tharah","الذرة","العاصمة","الجيزة","الجيزة",27193.3,33205900,1107105001,"الذرة","110710500101","الذره",27,24,51,11,0,0,0,0,0,0,0,0,0,0,0,0,0,6,0,6,2,0,0,0,0,0,0,0,0,0,0,0,0,57
"110710520101","حمام الطلاق","Hammam El-Tallaq","حمام الطلاق","العاصمة","الجيزة","الجيزة",19979.7,17128900,1107105201,"حمام الطلاق","110710520101","حمام الطلاق",323,296,619,113,0,3,2,5,4,35,30,65,16,7,7,14,5,286,21,307,82,9,18,27,3,0,0,0,0,0,0,0,0,1037
"110710530101","حمام الشموط","Hammam El-Shmoot","حمام الشموط","العاصمة","الجيزة","الجيزة",64820.4,183313000,1107105301,"حمام الشموط","110710530101","حمام الشموط",801,829,1630,324,0,8,4,12,4,212,196,408,73,14,21,35,2,417,22,439,45,0,0,0,0,3,0,3,0,0,0,0,0,2527
"110720110101","ام الرصاص","Um Rsas","ام الرصاص","العاصمة","الجيزة","ام الرصاص",18018.3,11439300,1107201101,"ام الرصاص","110720110101","ام الرصاص",330,309,639,126,0,15,10,25,6,0,0,0,0,0,0,0,0,43,0,43,6,0,0,0,0,3,0,3,0,0,0,0,0,710
"110720120101","الرامة","Ramah","الرامة","العاصمة","الجيزة","ام الرصاص",13199.8,6726780,1107201201,"الرامة","110720120101","الرامة",1114,1026,2140,420,0,0,0,0,0,0,0,0,0,0,0,0,0,141,17,158,17,0,0,0,0,0,0,0,0,0,0,0,0,2298
"110720130101","الرميل","Ramil","الرميل","العاصمة","الجيزة","ام الرصاص",10329.5,5246350,1107201301,"الرميل","110720130101","الرميل",363,426,789,157,0,0,2,2,0,12,12,24,4,0,0,0,0,8,0,8,2,0,0,0,0,0,0,0,0,0,0,0,0,823
"110720140101","طور الحشاش","Toar Hashash","طور الحشاش","العاصمة","الجيزة","ام الرصاص",9004.21,2652590,1107201401,"طور الحشاش","110720140101","طور الحشاش",252,261,513,102,0,0,0,0,0,0,0,0,0,0,0,0,0,0,0,0,0,0,0,0,0,0,0,0,0,0,0,0,0,513
"110720150101","سالية","Salyeh","سالية","العاصمة","الجيزة","ام الرصاص",15750.3,9546390,1107201501,"سالية","110720150101","سالية",608,580,1188,213,0,0,0,0,0,0,0,0,0,14,7,21,4,0,0,0,0,0,6,6,1,0,0,0,0,0,0,0,0,1215
"110720170101","الدامخي","Damkhi","الدامخي","العاصمة","الجيزة","ام الرصاص",33446.2,40202300,1107201701,"الدامخي","110720170101","الدامخي",777,758,1535,264,0,0,0,0,0,32,20,52,8,0,0,0,0,64,0,64,0,0,0,0,0,15,0,15,8,0,0,0,0,1666
"110720180101","الياهون","Yahoon","الياهون","العاصمة","الجيزة","ام الرصاص",6745.93,1953420,1107201801,"الياهون","110720180101","الياهون",294,296,590,125,0,0,0,0,0,0,0,0,0,0,0,0,0,7,0,7,2,0,0,0,0,0,0,0,0,0,0,0,0,597
"110720190101","عليان","Elayyan","عليان","العاصمة","الجيزة","ام الرصاص",11280.4,5734080,1107201901,"عليان","110720190101","عليان",163,196,359,74,0,0,0,0,0,0,0,0,0,0,0,0,0,0,0,0,0,0,0,0,0,0,0,0,0,0,0,0,0,359
"110720200101","رجم عقاب","Rojom Aeqab","رجم عقاب","العاصمة","الجيزة","ام الرصاص",19705.8,18644700,1107202001,"رجم عقاب","110720200101","رجم عقاب",306,274,580,104,0,12,6,18,3,0,0,0,0,0,0,0,0,26,0,26,7,0,0,0,0,0,0,0,0,0,0,0,0,624
"110720210101","جميل","Jamel","جميل","العاصمة","الجيزة","ام الرصاص",20093.1,19509900,1107202101,"جميل","110720210101","جميل",497,554,1051,186,0,0,2,2,1,4,0,4,0,0,7,7,2,133,8,141,22,0,0,0,0,0,0,0,0,0,0,0,0,1205
"110720220101","الثريا","Thrayya","الثريا","العاصمة","الجيزة","ام الرصاص",22613.9,23980100,1107202201,"الثريا","110720220101","الثريا",14,16,30,4,0,0,0,0,0,0,0,0,0,0,0,0,0,80,0,80,0,0,0,0,0,0,0,0,0,0,0,0,0,110
"110720230101","المشيرفة","Mshairfah","المشيرفة","العاصمة","الجيزة","ام الرصاص",18113.7,15593300,1107202301,"المشيرفة","110720230101","المشيرفة",543,558,1101,204,0,0,0,0,0,3,9,12,3,0,0,0,0,27,0,27,5,0,0,0,0,0,0,0,0,0,0,0,0,1140
"110720240101","رجم فهيد","Rojom Fhaid","رجم فهيد","العاصمة","الجيزة","ام الرصاص",17551.7,10132300,1107202401,"رجم فهيد","110720240101","رجم فهيد",176,132,308,63,0,0,0,0,0,0,0,0,0,0,0,0,0,81,0,81,0,0,0,0,0,0,0,0,0,0,0,0,0,389
"110720250101","ابو حليليفة","Abu Hlaileefah","ابو حليليفة","العاصمة","الجيزة","ام الرصاص",18256.5,10467700,1107202501,"ابو حليليفة","110720250101","ابو حليليفة",310,314,624,116,0,0,5,5,1,0,0,0,0,7,0,7,0,80,0,80,2,0,0,0,0,0,0,0,0,0,0,0,0,716
"110720260101","المصيطبة","Msaitbah","المصيطبة","العاصمة","الجيزة","ام الرصاص",37237.2,57067200,1107202601,"المصيطبة","110720260101","المصيطبة",347,389,736,136,0,16,4,20,5,16,20,36,0,0,0,0,0,123,0,123,20,0,0,0,0,0,0,0,0,0,0,0,0,915
"110720270101","(البحيرات (منشية السوارية","Buhairat (Mansheat El-suareah)","(البحيرات (منشية السوارية","العاصمة","الجيزة","ام الرصاص",9827.07,4555790,1107202701,"البحيرات(منشية السواريه)","110720270101","البحيرات(منشية السواريه)",295,264,559,89,0,0,0,0,0,0,0,0,0,0,0,0,0,0,0,0,0,0,0,0,0,0,0,0,0,0,0,0,0,559
"110810110101","الموقر","Mowaqqar","الموقر","العاصمة","الموقر","الموقر",13524.1,7627910,1108101101,"الموقر","110810110101","الموقر",2535,2594,5129,962,0,127,118,245,56,426,424,850,138,217,133,350,44,349,128,477,78,0,2,2,0,6,0,6,2,0,0,0,0,7059
"110810120101","النقيرة","Naqera","النقيرة","العاصمة","الموقر","الموقر",13788.7,10301000,1108101201,"النقيرة","110810120101","النقيرة",1498,1446,2944,598,0,172,73,245,31,102,84,186,39,0,7,7,1,317,32,349,38,6,8,14,2,24,0,24,3,0,0,0,0,3769
"110810130101","الفيصلية","Feisaliyyeh","الفيصلية","العاصمة","الموقر","الموقر",17044.9,11850300,1108101301,"الفيصلية","110810130101","الفيصلية",4547,4333,8880,1685,0,23,39,62,12,897,902,1799,313,315,287,602,84,498,252,750,93,31,44,75,9,60,45,105,28,0,0,0,0,12273
"110810140101","مغاير مهنا","Maghayer Mhanna","مغاير مهنا","العاصمة","الموقر","الموقر",17074.9,10362800,1108101401,"مغاير مهنا","110810140101","مغاير مهنا",1463,1407,2870,549,0,10,4,14,6,24,28,52,8,0,0,0,0,0,0,0,0,0,0,0,0,0,0,0,0,0,0,0,0,2936
"110810150101","الذهيبه الشرقيه","Dhaibeh Sharqiyyeh","الذهيبه الشرقيه","العاصمة","الموقر","الموقر",23904.7,17263600,1108101501,"الذهيبة الشرقية","110810150101","الذهيبة الشرقية",2582,2402,4984,1029,0,184,17,201,15,244,199,443,88,28,63,91,13,71,48,119,15,3,6,9,0,3,0,3,2,0,0,0,0,5850
"110810160101","المنشية","Manshiyyeh","المنشية","العاصمة","الموقر","الموقر",17066.5,7589920,1108101601,"المنشية","110810160101","المنشية",1438,1378,2816,543,0,3,0,3,0,115,80,195,35,0,0,0,0,0,0,0,0,0,0,0,0,0,0,0,0,0,0,0,0,3014
"110810170101","ام بطمة","Um Botmah","ام بطمة","العاصمة","الموقر","الموقر",9019.29,3937800,1108101701,"ام بطمة","110810170101","ام بطمة",1708,1701,3409,660,0,59,40,99,22,625,495,1120,216,49,14,63,3,220,77,297,37,12,6,18,4,0,0,0,0,0,0,0,0,5006
"110910220101","بلعاس","Bal'as","بلعاس","العاصمة","ناعور","ناعور",9051.42,3897620,1109102201,"بلعاس","110910220101","بلعاس",970,916,1886,432,0,0,84,84,17,4,28,32,11,84,63,147,22,76,18,94,15,0,0,0,0,0,0,0,0,0,0,0,0,2243
"110910230101","زبود","Zbood","زبود","العاصمة","ناعور","ناعور",13181.5,7795960,1109102301,"زبود","110910230101","زبود",1018,833,1851,374,0,10,14,24,8,72,72,144,35,42,56,98,15,203,8,211,40,3,0,3,2,9,6,15,5,0,0,0,0,2346
"110910240101","ابو نقلة","Abu Naqlah","ابو نقلة","العاصمة","ناعور","ناعور",8284.31,3228650,1109102401,"ابو نقلة","110910240101","ابو نقلة",798,770,1568,312,0,10,91,101,18,20,16,36,11,0,14,14,0,230,16,246,18,12,15,27,3,0,0,0,0,0,0,0,0,1992
"110910250101","العجاجرة","Ajajreh","العجاجرة","العاصمة","ناعور","ناعور",3522.74,630794,1109102501,"العجاجرة","110910250101","العجاجرة",297,291,588,121,0,0,0,0,0,0,0,0,0,0,0,0,0,0,0,0,0,0,0,0,0,0,0,0,0,0,0,0,0,588
"110910260101","العويلية","Ewailiyyeh","العويلية","العاصمة","ناعور","ناعور",3956.63,655392,1109102601,"العويلية","110910260101","العويلية",285,246,531,109,0,4,2,6,2,8,20,28,4,0,0,0,0,7,0,7,2,0,0,0,0,0,0,0,0,0,0,0,0,572
"110920110101","ام البساتين","Um El-Basatien","ام البساتين","العاصمة","ناعور","ام البساتين",13442.9,6631510,1109201101,"ام البساتين","110920110101","ام البساتين",3762,3459,7221,1449,0,9,34,43,7,345,339,684,109,35,35,70,10,420,129,549,93,3,0,3,2,3,0,3,3,0,0,0,0,8573
"110930150101","منشية حسبان","Manshiyyet Hesban","منشية حسبان","العاصمة","ناعور","حسبان",3656.83,756329,1109301501,"منشية حسبان","110930150101","منشية حسبان",1035,989,2024,412,0,0,7,7,3,39,51,90,17,0,0,0,0,38,24,62,13,0,0,0,0,0,0,0,0,0,0,0,0,2183
"110930160101","كرمة حسبان","Karmet Hesban","كرمة حسبان","العاصمة","ناعور","حسبان",10944.3,3246160,1109301601,"كرمة حسبان","110930160101","كرمة حسبان",1213,1271,2484,478,0,0,1,1,0,16,20,36,8,0,0,0,0,0,0,0,0,0,0,0,0,0,0,0,0,0,0,0,0,2521
"110920120101","السامك","Samek","السامك","العاصمة","ناعور","ام البساتين",13466,6131540,1109201201,"السامك","110920120101","السامك",1428,1387,2815,535,0,0,34,34,3,84,72,156,33,7,28,35,4,257,106,363,69,2,0,2,2,0,0,0,0,0,0,0,0,3405
"110920130101","ام العساكر","Um El-Asaker","ام العساكر","العاصمة","ناعور","ام البساتين",7416.9,1894100,1109201301,"ام العساكر","110920130101","ام العساكر",775,753,1528,290,0,5,21,26,8,0,0,0,0,0,0,0,0,62,0,62,4,0,0,0,0,0,0,0,0,0,0,0,0,1616
"110920140101","أم الكندم","Um- El-Kindam","أم الكندم","العاصمة","ناعور","ام البساتين",8769.9,2993750,1109201401,"ام الكندم","110920140101","ام الكندم",733,691,1424,319,0,12,77,89,18,67,51,118,29,7,7,14,6,428,72,500,81,6,11,17,4,9,27,36,3,0,0,0,0,2198
"110920150101","ام البرك","Um-El-Berak","ام البرك","العاصمة","ناعور","ام البساتين",9810.6,3667830,1109201501,"ام البرك","110920150101","ام البرك",1467,1469,2936,598,0,0,31,31,4,12,8,20,4,0,0,0,0,77,18,95,16,0,0,0,0,0,0,0,0,0,0,0,0,3082
"110920160101","ماسوح","Masooh","ماسوح","العاصمة","ناعور","ام البساتين",9877.36,2491590,1109201601,"ماسوح","110920160101","ماسوح",148,150,298,61,0,0,0,0,0,20,8,28,4,0,0,0,0,256,61,317,42,0,0,0,0,0,0,0,0,0,0,0,0,643
"110930110101","حسبان","Hesban","حسبان","العاصمة","ناعور","حسبان",18005.7,14227900,1109301101,"حسبان","110930110101","حسبان",2052,2027,4079,832,0,4,6,10,2,112,91,203,45,35,21,56,12,266,104,370,74,0,0,0,0,6,0,6,4,0,6,6,2,4730
"110930120101","الروضة","Rawdhah","الروضة","العاصمة","ناعور","حسبان",12547.5,7710990,1109301201,"الروضة","110930120101","الروضة",4800,4598,9398,1969,0,3,31,34,4,208,220,428,62,91,21,112,17,173,97,270,46,37,17,54,9,0,0,0,0,0,0,0,0,10296
"110930130101","المشقر","MshKar","المشقر","العاصمة","ناعور","حسبان",22815.3,13704200,1109301301,"المشقر","110930130101","المشقر",2627,2682,5309,1057,0,0,4,4,0,60,52,112,21,7,0,7,0,77,21,98,22,0,0,0,0,0,0,0,0,0,0,0,0,5530
"110930140101","العال","El-A'al","العال","العاصمة","ناعور","حسبان",17197,9325160,1109301401,"العال","110930140101","العال",2356,2264,4620,1019,0,3,15,18,2,108,64,172,34,0,7,7,0,807,237,1044,170,6,14,20,4,0,0,0,0,0,0,0,0,5881
"110820140101","رجم الشامي الشرقي","Rojom Shami Sharqi","رجم الشامي الشرقي","العاصمة","الموقر","رجم الشامي",9914.48,4838200,1108201401,"رجم الشامي الشرقي","110820140101","رجم الشامي الشرقي",1509,1440,2949,549,0,92,26,118,61,213,213,426,78,224,203,427,36,162,124,286,38,10,2,12,0,6,9,15,3,0,0,0,0,4233
"110820150101","الذهيبة الغربية","Dhaibeh Gharbiyyeh","الذهيبة الغربية","العاصمة","الموقر","رجم الشامي",15561.6,7124960,1108201501,"الذهيبة الغربية","110820150101","الذهيبة الغربية",2810,2610,5420,1046,0,12,9,21,3,310,361,671,107,35,21,56,11,357,138,495,71,0,0,0,0,0,0,0,0,0,0,0,0,6663
"110820160101","اللسين","Laseen","اللسين","العاصمة","الموقر","رجم الشامي",10747.6,6139160,1108201601,"اللسين","110820160101","اللسين",303,343,646,114,0,0,0,0,0,0,0,0,0,0,0,0,0,0,0,0,0,0,0,0,0,0,0,0,0,0,0,0,0,646
"110820170101","الماجدية (زبارة)","Majedeah (Zabarah)","الماجدية (زبارة)","العاصمة","الموقر","رجم الشامي",12886.5,9874470,1108201701,"الماجدية (زباره)","110820170101","الماجدية (زباره)",183,149,332,66,0,0,0,0,0,0,4,4,1,0,0,0,0,9,54,63,3,0,0,0,0,0,0,0,0,0,0,0,0,399
"110820180101","الكتيفه","Ktafeh","الكتيفه","العاصمة","الموقر","رجم الشامي",15602.2,8695130,1108201801,"الكتيفه","110820180101","الكتيفه",347,388,735,139,0,0,0,0,0,4,0,4,2,0,0,0,0,0,0,0,0,0,0,0,0,0,0,0,0,0,0,0,0,739
"110910110101","ناعور","Na'oor","ناعور","العاصمة","ناعور","ناعور",18320.6,8845110,1109101101,"ناعور","110910110101","ناعور",12999,12858,25857,5657,0,196,454,650,109,1435,1422,2857,548,413,343,756,143,1681,430,2111,287,32,41,73,17,3,6,9,3,18,6,24,0,32337
"110910120101","العدسية","Adasiyyeh","العدسية","العاصمة","ناعور","ناعور",14335.8,2556080,1109101201,"العدسية","110910120101","العدسية",943,877,1820,368,0,0,3,3,1,96,68,164,30,7,0,7,2,39,0,39,11,8,0,8,1,0,0,0,0,0,0,0,0,2041
"110910130101","المنشية وام القطين","Manshiyyeh,Um El-Qottain","المنشية وام القطين","العاصمة","ناعور","ناعور",7610.29,2890250,1109101301,"المنشية وام القطين","110910130101","المنشية وام القطين",1426,1444,2870,622,0,31,34,65,14,76,92,168,32,0,0,0,0,87,32,119,16,12,8,20,0,0,0,0,0,0,0,0,0,3242
"110910140101","تركي","Torky","تركي","العاصمة","ناعور","ناعور",13862.6,5272290,1109101401,"تركي","110910140101","تركي",1734,1765,3499,662,0,2,2,4,2,80,88,168,36,49,21,70,11,70,0,70,7,10,12,22,4,0,0,0,0,0,0,0,0,3833
"110910150101","ادبيان","Adbayan","ادبيان","العاصمة","ناعور","ناعور",14804.3,5330090,1109101501,"ادبيان","110910150101","ادبيان",800,743,1543,317,0,0,2,2,0,70,52,122,28,35,14,49,10,207,16,223,60,0,0,0,0,0,0,0,0,0,0,0,0,1939
"110910160101","المنصورة","Mansoorah","المنصورة","العاصمة","ناعور","ناعور",7472.28,1422260,1109101601,"المنصورة","110910160101","المنصورة",1834,1890,3724,756,0,5,20,25,9,24,28,52,8,0,7,7,1,77,32,109,20,0,0,0,0,0,0,0,0,0,0,0,0,3917
"110910180101","ام السماق","Um El-Sumaq","ام السماق","العاصمة","ناعور","ناعور",11714.6,5897910,1109101801,"ام السماق","110910180101","ام السماق",7127,7064,14191,3200,0,159,541,700,153,1017,970,1987,445,392,273,665,129,1017,181,1198,256,114,111,225,44,18,18,36,5,16,16,32,10,19034
"110910190101","بصة ناعور","Basset Na'oor","بصة ناعور","العاصمة","ناعور","ناعور",9788.34,3880380,1109101901,"بصة ناعور","110910190101","بصة ناعور",957,826,1783,414,0,0,0,0,0,0,4,4,0,0,0,0,0,30,16,46,9,0,0,0,0,0,0,0,0,0,0,0,0,1833
"110910200101","سيل حسبان","Sail Hesban","سيل حسبان","العاصمة","ناعور","ناعور",18367.9,13984600,1109102001,"سيل حسبان","110910200101","سيل حسبان",783,813,1596,331,0,2,0,2,0,40,24,64,20,0,7,7,0,161,14,175,38,2,0,2,2,0,0,0,0,0,0,0,0,1846
"110910210101","العامرية","Amireah","العامرية","العاصمة","ناعور","ناعور",6166.56,1720080,1109102101,"العامرية","110910210101","العامرية",586,521,1107,247,0,0,10,10,2,21,16,37,7,28,14,42,6,23,0,23,4,4,6,10,2,0,0,0,0,0,0,0,0,1229
